employee_id,age,gender,department,job_level,tenure_years,salary,compa_ratio,performance_rating,engagement_score,satisfaction_score,overtime_hours_per_week,years_since_last_promotion,work_life_balance,training_hours_last_year,manager_tenure_years,num_prior_companies,commute_miles,attrited
EMP00001,26,Male,Finance,1,2.6,40900,0.72,4,3.4,3.2,0.8,1.1,3,40,5.2,6,21,1
EMP00002,39,Female,Sales,5,11.8,266900,1.178,3,8.4,1.2,3.8,0.5,2,40,20.0,2,12,0
EMP00003,39,Male,Marketing,4,1.9,129200,0.796,4,6.6,2.8,6.5,0.2,3,10,4.7,6,5,0
EMP00004,25,Male,Sales,4,3.2,151800,0.912,3,5.6,2.4,8.5,2.1,4,10,4.6,2,10,0
EMP00005,22,Male,Sales,5,1.3,171800,0.766,4,5.0,3.5,18.7,9.6,2,40,2.9,4,18,0
EMP00006,22,Female,Engineering,1,5.1,57900,0.948,4,6.1,2.5,5.8,4.3,3,10,8.1,4,1,0
EMP00007,45,Female,Engineering,2,19.3,101500,1.276,3,7.7,4.9,7.4,1.4,4,10,20.0,1,15,0
EMP00008,22,Male,Sales,3,4.6,112400,1.088,4,7.5,4.5,3.3,1.9,3,80,6.0,2,12,0
EMP00009,26,Male,Sales,3,2.2,88900,0.903,4,5.2,3.1,2.7,0.8,3,40,3.8,1,4,0
EMP00010,32,Male,Sales,1,5.2,71100,1.279,3,5.0,2.0,5.2,0.4,3,20,0.5,9,21,0
EMP00011,27,Non-binary,Engineering,3,0.7,93100,0.906,2,7.7,3.9,14.3,1.6,2,40,5.2,1,5,1
EMP00012,37,Female,Operations,1,11.0,52100,0.795,4,5.2,1.4,8.3,1.6,3,40,4.9,3,5,0
EMP00013,30,Male,Engineering,1,3.5,57600,1.056,4,6.6,5.0,3.2,1.8,3,60,6.0,4,10,0
EMP00014,35,Female,Engineering,2,3.0,79400,1.104,5,6.7,5.4,3.4,7.6,4,40,0.5,1,17,0
EMP00015,25,Male,R&D,2,4.4,82800,1.081,5,7.1,3.2,4.1,2.3,4,60,4.2,2,40,0
EMP00016,27,Female,Marketing,2,4.9,98800,1.063,4,8.0,7.9,7.9,2.3,4,20,1.4,3,2,0
EMP00017,22,Male,Marketing,1,0.4,53600,1.032,4,4.2,2.2,3.1,0.3,3,40,5.7,1,8,1
EMP00018,35,Female,Operations,4,5.7,151800,1.014,4,3.1,4.8,10.5,10.0,3,0,1.1,4,1,1
EMP00019,32,Male,Sales,2,1.4,65900,0.892,4,5.5,2.4,10.9,3.7,2,10,4.6,2,21,1
EMP00020,33,Female,Finance,1,6.3,68700,1.06,3,9.7,2.7,1.3,5.2,3,40,1.4,1,9,0
EMP00021,39,Female,Sales,4,8.6,165900,0.952,3,10.0,7.2,2.5,1.3,4,0,0.5,3,18,0
EMP00022,27,Female,Engineering,5,8.1,216100,1.243,4,9.8,6.8,2.8,1.7,3,40,4.0,2,6,0
EMP00023,38,Female,Finance,4,4.0,115000,0.72,1,6.2,4.1,0.0,1.8,4,60,0.5,6,28,0
EMP00024,37,Female,Sales,3,3.7,130600,1.046,4,3.3,1.0,6.3,0.5,2,20,4.3,5,11,0
EMP00025,30,Male,HR,3,0.8,85400,0.932,4,2.3,1.4,4.2,2.9,3,0,10.4,2,43,0
EMP00026,41,Male,HR,2,7.5,78400,0.989,3,5.4,2.6,4.1,5.8,3,40,13.9,2,1,0
EMP00027,22,Male,Engineering,1,1.6,59500,1.093,4,6.1,3.4,3.6,0.4,3,60,1.1,2,11,0
EMP00028,26,Non-binary,Engineering,2,3.4,67300,0.9,5,8.8,7.2,4.5,0.2,4,40,6.6,2,22,0
EMP00029,24,Male,Finance,2,1.7,62700,0.788,4,8.1,5.6,1.3,3.4,4,40,1.7,3,14,1
EMP00030,30,Female,Sales,2,0.7,56400,0.9,3,6.9,5.6,3.8,0.8,2,20,9.2,4,1,0
EMP00031,25,Female,Marketing,3,5.0,120600,1.215,3,4.9,2.8,2.5,2.4,2,0,6.2,2,54,0
EMP00032,30,Male,Operations,2,0.3,69900,0.794,4,4.8,2.5,0.4,3.0,2,40,0.5,1,5,1
EMP00033,38,Male,Engineering,1,6.9,93200,1.4,4,7.0,2.5,0.4,1.0,3,20,2.1,2,4,0
EMP00034,31,Male,Engineering,1,1.9,49500,0.763,3,7.8,4.4,13.3,4.2,2,60,1.6,1,10,0
EMP00035,28,Male,Marketing,3,0.3,88400,0.848,3,7.2,1.0,0.0,2.0,4,20,6.2,4,12,1
EMP00036,24,Male,Operations,1,3.6,54100,1.092,5,4.6,1.9,9.6,5.1,3,40,2.1,3,22,0
EMP00037,22,Male,Finance,4,0.3,145600,0.97,4,7.7,4.9,2.2,3.6,3,40,4.6,2,7,0
EMP00038,34,Female,Operations,2,1.6,72200,0.941,5,7.3,5.8,12.2,5.1,3,40,3.7,2,9,0
EMP00039,35,Female,Sales,2,6.1,90700,1.116,4,4.6,2.5,1.7,0.1,3,40,14.9,6,11,0
EMP00040,26,Male,Marketing,2,0.3,65800,0.85,5,5.1,3.9,2.6,0.7,3,60,11.1,1,8,1
EMP00041,31,Male,Sales,3,9.1,95900,0.762,3,7.7,1.1,7.2,0.2,2,80,2.2,5,37,0
EMP00042,22,Male,HR,2,0.3,58600,0.723,4,6.1,3.9,5.6,1.5,3,60,5.1,2,29,1
EMP00043,22,Female,HR,3,1.4,75100,0.72,2,9.4,3.1,1.3,5.5,3,60,7.1,5,9,0
EMP00044,41,Female,Operations,2,6.8,78300,0.872,4,7.4,2.6,0.9,1.6,3,40,9.2,4,1,0
EMP00045,22,Male,Engineering,2,1.9,74400,1.093,4,5.6,3.3,6.8,4.7,4,40,0.5,1,35,0
EMP00046,27,Male,Sales,4,0.5,129300,0.958,3,6.5,6.5,15.6,1.0,3,10,1.4,5,2,1
EMP00047,33,Female,Operations,3,2.2,123700,0.879,5,6.6,5.0,0.1,1.0,4,20,1.5,3,4,0
EMP00048,22,Female,Engineering,3,1.6,122200,1.098,5,5.2,3.4,1.5,5.6,3,0,2.3,1,2,0
EMP00049,34,Male,Engineering,4,9.2,155700,0.73,2,4.9,3.1,3.4,1.4,4,10,0.7,1,3,0
EMP00050,32,Female,Operations,4,1.9,112600,0.72,4,7.8,3.8,0.9,3.9,3,20,2.7,3,24,0
EMP00051,32,Male,Engineering,3,7.8,105300,0.877,3,8.0,4.2,4.3,0.7,2,10,4.4,3,13,0
EMP00052,49,Male,Engineering,3,11.1,110300,0.86,4,7.6,5.7,0.6,7.4,3,60,2.8,4,47,1
EMP00053,22,Female,Sales,3,2.8,95800,0.906,4,9.2,3.5,14.1,2.1,1,60,4.4,4,4,0
EMP00054,41,Female,Finance,3,12.0,110300,1.038,3,5.5,4.6,4.2,3.6,3,10,0.5,3,10,0
EMP00055,27,Male,Marketing,3,2.4,95200,0.903,5,9.5,5.5,1.6,0.2,3,20,8.3,4,57,0
EMP00056,43,Female,Operations,3,16.6,123000,0.798,3,4.9,4.7,1.6,1.7,4,60,11.2,3,26,1
EMP00057,29,Male,Sales,1,0.5,50800,0.97,4,4.7,4.8,1.5,5.8,3,60,3.8,2,20,0
EMP00058,27,Female,R&D,4,5.8,159200,0.968,4,3.3,1.0,0.7,5.2,4,60,8.5,6,3,0
EMP00059,30,Male,Engineering,4,3.4,156300,0.954,3,5.7,2.7,0.6,0.1,2,80,0.6,1,22,0
EMP00060,22,Female,HR,1,2.5,50600,0.955,3,5.6,2.1,2.0,0.9,2,80,6.4,2,6,0
EMP00061,33,Female,Marketing,3,5.0,130200,1.227,4,7.4,1.5,2.3,1.5,3,20,0.5,4,11,0
EMP00062,32,Male,Operations,1,6.1,53200,0.944,4,6.9,2.6,8.9,0.5,3,20,2.1,2,14,0
EMP00063,29,Female,Finance,2,0.3,60100,0.864,3,4.4,7.3,0.2,3.3,1,40,1.6,1,14,0
EMP00064,32,Female,Engineering,3,0.9,107200,1.196,4,5.8,4.9,4.2,0.5,2,20,3.5,1,19,0
EMP00065,33,Female,Operations,1,6.2,54500,0.954,2,5.8,7.2,2.2,1.1,3,60,1.4,3,16,0
EMP00066,31,Male,Sales,3,5.5,115000,0.89,3,3.3,3.6,3.2,2.7,3,40,4.1,7,1,0
EMP00067,35,Female,Engineering,3,16.9,93200,0.745,4,4.7,1.7,9.1,1.6,4,40,1.8,3,9,0
EMP00068,28,Female,R&D,2,7.2,103000,1.171,2,5.1,2.6,0.7,3.4,3,20,7.9,3,16,0
EMP00069,44,Male,Sales,1,15.1,76900,1.104,4,9.1,7.0,12.8,8.1,1,40,4.0,2,5,0
EMP00070,38,Female,HR,2,6.1,67500,0.72,4,6.8,5.2,3.3,0.3,4,40,1.0,2,6,0
EMP00071,26,Male,R&D,3,1.8,83900,0.72,5,7.7,4.0,1.3,3.1,3,60,1.6,1,2,0
EMP00072,27,Male,Sales,5,0.6,255500,1.156,4,3.8,1.0,2.5,0.7,4,20,7.5,2,8,0
EMP00073,28,Male,Engineering,3,7.6,102500,0.852,5,8.6,10.0,1.2,1.3,4,60,2.0,2,65,0
EMP00074,36,Female,Sales,2,5.2,73000,0.894,4,8.8,5.5,2.0,0.1,4,60,3.1,1,5,0
EMP00075,30,Female,Operations,3,0.3,73200,0.819,4,2.9,1.3,2.9,0.4,3,40,4.2,1,11,0
EMP00076,37,Male,Sales,2,2.2,74200,0.777,5,5.2,3.6,5.5,1.0,3,40,1.7,4,20,0
EMP00077,34,Female,HR,3,15.7,124200,0.996,4,7.4,4.4,1.6,1.0,3,40,1.4,5,1,1
EMP00078,27,Male,Engineering,1,3.5,64600,1.021,2,7.7,5.2,3.1,5.7,3,20,2.6,6,35,0
EMP00079,29,Male,Operations,3,2.8,86400,0.732,4,5.3,5.8,1.8,3.4,3,10,1.0,3,7,0
EMP00080,32,Male,Operations,2,3.1,64000,0.844,5,6.0,3.7,10.9,9.0,3,60,1.3,1,31,1
EMP00081,26,Female,Operations,5,1.2,217600,0.956,4,5.4,1.4,0.1,2.3,4,40,0.5,4,1,0
EMP00082,23,Female,Engineering,2,2.3,89900,1.057,4,6.7,4.1,10.7,0.7,2,20,1.4,1,2,0
EMP00083,32,Female,R&D,3,2.3,83600,0.72,4,8.7,4.8,2.6,1.0,4,40,1.5,3,6,0
EMP00084,30,Female,Engineering,4,0.3,163800,1.218,5,5.1,5.9,5.3,1.0,4,20,13.1,4,6,0
EMP00085,27,Male,Operations,1,7.3,62600,1.115,2,8.3,7.5,1.7,1.0,3,10,3.6,4,28,0
EMP00086,35,Female,Finance,4,2.7,171000,1.213,4,5.1,3.5,1.8,2.8,3,40,6.2,7,1,0
EMP00087,39,Male,Marketing,3,8.6,114400,0.942,3,5.0,1.0,6.3,1.9,3,20,0.5,4,15,0
EMP00088,34,Male,Engineering,1,9.5,45200,0.72,4,8.0,3.0,8.9,1.2,4,10,0.5,3,2,0
EMP00089,27,Male,Engineering,2,1.2,75000,1.013,4,8.2,5.4,1.1,0.4,2,20,6.7,2,26,0
EMP00090,33,Female,Sales,3,5.4,127300,1.377,3,8.0,5.8,2.0,0.1,3,40,3.9,6,23,0
EMP00091,24,Male,Sales,1,3.2,51300,0.831,3,4.1,2.0,3.3,0.6,3,0,0.8,1,10,1
EMP00092,35,Female,Sales,2,10.6,84600,0.751,4,5.7,2.8,15.4,0.3,3,20,2.1,6,4,1
EMP00093,22,Male,R&D,2,1.2,74800,0.928,3,8.0,4.1,1.2,3.8,4,20,3.1,2,15,0
EMP00094,35,Male,Engineering,3,5.7,73500,0.72,3,6.6,4.2,3.3,0.3,3,0,7.4,1,3,0
EMP00095,22,Female,Sales,1,4.7,75400,1.173,4,4.6,1.0,4.4,3.2,2,10,0.5,5,3,0
EMP00096,35,Male,Engineering,4,1.7,127200,0.842,3,7.3,2.8,6.7,1.2,3,10,3.6,1,15,0
EMP00097,25,Female,Finance,5,0.7,217400,0.975,4,5.2,2.3,2.5,0.2,2,10,5.0,5,71,1
EMP00098,29,Female,Engineering,5,5.3,216400,0.931,5,9.7,8.5,2.4,4.2,4,60,15.2,2,33,0
EMP00099,28,Male,Finance,3,6.7,133600,1.201,3,9.3,4.6,10.2,2.2,4,20,6.6,5,13,0
EMP00100,26,Female,Engineering,1,1.9,60200,1.138,3,7.6,5.3,3.1,0.7,4,10,1.3,3,12,0
EMP00101,37,Male,Sales,3,5.2,105800,0.973,4,8.9,6.2,4.2,5.6,3,10,4.9,3,80,0
EMP00102,22,Male,Operations,1,2.5,50700,0.847,4,6.6,6.6,1.3,0.1,3,20,5.8,2,12,0
EMP00103,37,Female,Engineering,1,6.2,68400,1.13,5,7.9,7.4,5.0,0.6,2,40,5.2,1,8,0
EMP00104,29,Male,Finance,2,1.1,58800,0.742,5,9.2,5.9,0.9,3.5,3,20,6.9,5,36,1
EMP00105,29,Female,Operations,2,11.0,98400,1.011,4,6.9,3.6,0.8,3.1,2,10,9.4,1,4,0
EMP00106,22,Female,Operations,3,1.7,88400,0.784,3,6.0,2.7,3.8,0.9,4,20,0.5,2,2,1
EMP00107,36,Non-binary,Engineering,3,2.3,124100,1.039,2,3.4,1.8,9.6,0.2,2,40,0.5,3,15,0
EMP00108,22,Male,Marketing,2,0.3,77100,1.013,3,6.4,3.4,3.4,4.9,4,0,6.4,2,2,0
EMP00109,22,Male,Sales,2,0.6,83000,1.245,3,8.0,6.2,2.2,0.9,3,40,1.2,1,7,0
EMP00110,35,Female,Sales,5,3.6,215400,1.033,4,8.2,6.1,6.5,0.5,3,20,0.5,1,8,0
EMP00111,29,Male,HR,2,1.6,60400,0.775,4,7.4,5.9,1.8,1.8,2,0,2.1,1,12,0
EMP00112,29,Female,HR,2,9.0,77300,1.034,2,5.5,5.8,2.7,6.0,3,40,6.9,5,72,0
EMP00113,27,Female,Engineering,1,0.3,60800,0.956,4,2.9,5.2,4.9,0.1,3,40,0.5,1,4,1
EMP00114,23,Male,Operations,3,2.4,106800,1.0,3,5.6,3.9,3.8,3.6,4,40,4.5,7,7,0
EMP00115,33,Male,Engineering,3,2.1,122400,1.126,4,6.0,5.9,10.0,2.1,2,20,0.5,1,2,0
EMP00116,32,Female,Sales,1,0.3,58500,0.922,4,5.9,3.2,1.4,1.4,4,40,0.5,1,14,0
EMP00117,29,Female,Sales,1,0.7,48600,0.927,4,7.6,7.1,3.6,3.4,4,20,1.7,3,20,0
EMP00118,30,Male,Sales,3,2.7,93800,0.836,4,10.0,8.4,7.2,8.4,2,40,0.5,1,10,1
EMP00119,38,Male,Marketing,3,3.4,107700,1.013,2,6.7,6.2,3.6,0.7,4,40,7.5,3,4,0
EMP00120,28,Male,Finance,2,2.6,56800,0.73,4,6.1,4.1,3.7,0.4,3,10,8.0,5,15,0
EMP00121,23,Female,Finance,5,3.8,270100,1.346,4,6.0,2.7,3.4,6.1,4,40,5.6,1,12,0
EMP00122,32,Male,Operations,1,4.5,63200,0.885,5,6.7,1.8,1.5,2.8,2,40,1.1,4,3,0
EMP00123,37,Female,Operations,2,0.3,89500,1.231,4,5.0,3.2,1.5,1.4,2,20,3.0,2,8,0
EMP00124,23,Male,Marketing,4,3.1,118500,0.739,4,6.7,7.1,0.9,2.1,2,60,0.8,1,9,0
EMP00125,37,Female,Engineering,2,16.6,116000,1.367,4,7.3,4.2,6.7,3.4,3,60,1.3,1,61,0
EMP00126,31,Male,Engineering,3,3.7,145800,1.198,5,6.9,5.9,14.3,3.7,3,10,2.9,6,28,0
EMP00127,30,Female,Operations,2,5.7,68700,0.733,3,7.3,6.3,0.3,6.3,4,60,5.3,1,20,0
EMP00128,23,Male,Operations,2,1.9,86400,1.095,4,7.3,4.2,8.3,1.4,4,20,0.5,5,33,0
EMP00129,38,Female,Engineering,5,7.4,226700,0.997,4,3.3,4.5,9.6,0.9,2,40,1.4,3,20,0
EMP00130,44,Male,Engineering,2,7.4,68500,0.755,4,7.6,1.0,8.7,2.6,1,60,10.4,1,35,0
EMP00131,30,Female,Marketing,4,3.7,160000,0.841,3,5.3,1.2,7.1,1.3,3,40,2.2,2,1,0
EMP00132,36,Female,Marketing,1,18.7,82600,1.269,4,4.5,1.3,1.6,2.3,3,20,11.2,4,9,0
EMP00133,22,Male,Engineering,1,0.7,51200,0.848,3,4.5,1.4,7.0,1.4,3,60,19.0,4,21,0
EMP00134,28,Female,Operations,1,0.3,65100,1.288,4,7.3,5.4,0.5,0.4,3,20,3.0,2,13,0
EMP00135,37,Female,Operations,3,7.4,89700,0.773,4,6.1,4.5,0.1,1.6,2,20,1.4,5,3,0
EMP00136,35,Male,Finance,2,8.2,69800,0.808,5,3.5,3.0,4.6,2.9,3,20,6.3,1,6,0
EMP00137,26,Male,Sales,4,0.6,144200,1.061,4,7.4,5.9,7.8,4.0,3,60,0.7,6,6,0
EMP00138,24,Male,Engineering,2,1.5,77300,0.999,3,3.9,1.0,14.0,1.7,2,60,1.2,5,5,0
EMP00139,22,Female,Engineering,5,0.3,181900,1.012,3,6.8,2.2,6.9,0.5,4,20,6.1,4,6,0
EMP00140,32,Female,Operations,1,1.7,63500,1.004,5,6.9,5.2,4.2,1.3,2,60,2.3,4,11,0
EMP00141,36,Male,Operations,4,7.4,170900,1.256,3,8.1,4.1,0.8,3.9,4,20,0.9,3,29,0
EMP00142,22,Male,Engineering,3,3.6,120100,1.054,4,9.7,3.5,19.2,1.3,2,80,4.2,3,20,0
EMP00143,36,Female,Marketing,3,2.1,102000,1.007,3,4.0,4.3,0.1,3.0,4,40,5.3,3,27,0
EMP00144,31,Female,Sales,3,2.3,113300,1.212,4,6.4,6.7,6.5,1.8,2,0,0.5,2,32,0
EMP00145,33,Male,Marketing,3,0.3,94500,0.92,4,6.0,6.7,0.6,0.7,3,0,1.3,3,8,0
EMP00146,22,Female,Marketing,3,1.8,137600,1.4,3,7.3,5.1,3.6,4.0,3,10,1.0,2,6,0
EMP00147,23,Male,Engineering,1,5.2,53700,0.873,3,6.9,5.6,2.7,0.2,4,10,1.9,2,1,0
EMP00148,40,Male,Operations,1,18.3,98200,1.4,5,5.9,6.3,0.2,1.9,3,40,5.8,2,40,0
EMP00149,36,Female,Sales,4,9.4,164500,0.93,4,5.7,2.6,8.8,0.6,3,20,5.0,1,1,0
EMP00150,35,Male,Sales,3,0.3,82900,0.903,4,4.5,4.9,1.6,0.2,4,80,4.3,2,20,1
EMP00151,39,Male,Engineering,3,11.4,146000,1.221,5,8.3,5.9,7.8,1.7,3,40,0.5,5,7,0
EMP00152,31,Male,Finance,2,7.6,86800,0.963,5,7.3,6.4,0.8,1.7,2,40,0.6,2,45,0
EMP00153,27,Female,Sales,1,7.6,70400,1.185,3,8.2,5.7,5.8,3.1,3,20,1.0,4,8,0
EMP00154,35,Female,Sales,1,3.1,68900,1.18,5,5.9,6.2,4.8,3.4,3,60,1.3,1,25,0
EMP00155,23,Male,Finance,3,2.5,109600,1.209,2,5.3,3.8,1.0,3.3,3,40,0.6,2,5,0
EMP00156,36,Male,Engineering,2,1.8,71300,0.859,3,4.6,1.0,3.5,1.3,3,60,2.1,1,5,0
EMP00157,25,Male,Marketing,1,0.3,63400,0.96,5,7.1,7.2,5.1,2.5,4,80,0.5,1,14,0
EMP00158,35,Female,Sales,2,1.3,76800,0.753,3,4.6,1.3,1.1,2.2,4,10,5.5,3,80,0
EMP00159,31,Male,Operations,1,1.4,62100,1.085,3,9.8,8.6,0.3,1.4,2,10,6.2,3,11,0
EMP00160,28,Female,Engineering,2,3.3,58800,0.72,3,4.1,2.5,2.9,2.3,2,60,3.4,1,41,0
EMP00161,29,Male,HR,2,6.9,89800,1.242,4,7.0,6.7,1.7,7.4,4,60,0.5,2,23,0
EMP00162,27,Male,Engineering,3,3.2,96700,0.777,4,9.3,8.1,3.9,0.5,4,40,8.8,5,24,0
EMP00163,28,Male,Marketing,2,0.3,95000,1.164,4,7.6,5.7,1.4,5.9,4,20,13.5,1,9,0
EMP00164,39,Male,Marketing,2,15.8,105100,1.091,5,6.8,5.3,4.7,0.1,3,40,0.9,1,7,0
EMP00165,34,Female,Marketing,1,14.3,71500,0.874,4,4.8,3.9,0.1,0.9,4,20,4.9,3,3,0
EMP00166,31,Male,Engineering,1,7.7,67000,1.069,3,4.0,1.0,3.8,0.8,4,20,7.4,1,50,0
EMP00167,45,Male,Sales,2,23.7,93000,0.853,5,7.9,5.3,6.5,2.5,3,20,3.1,7,48,0
EMP00168,22,Male,R&D,2,3.9,100700,1.179,3,9.2,4.0,3.1,0.4,3,20,1.6,3,21,0
EMP00169,41,Male,Engineering,3,16.5,171400,1.399,3,5.7,4.0,11.5,5.4,3,20,2.6,2,5,0
EMP00170,22,Male,Engineering,2,0.4,79800,0.952,2,4.4,1.0,6.3,4.4,3,80,2.9,2,4,0
EMP00171,22,Male,Engineering,3,2.3,130100,1.376,4,2.1,1.0,19.2,2.6,3,60,2.0,3,67,0
EMP00172,22,Female,R&D,4,1.3,132300,1.02,3,4.7,5.9,1.1,1.5,4,60,10.6,1,1,0
EMP00173,22,Female,R&D,3,1.1,91200,0.975,3,6.3,6.0,0.1,6.8,4,60,5.4,6,28,0
EMP00174,22,Male,Operations,1,0.8,56100,0.929,3,9.4,6.1,0.5,4.4,4,20,1.1,3,7,0
EMP00175,26,Male,Engineering,2,4.9,86700,1.11,3,7.7,5.3,7.9,1.7,3,60,3.5,1,8,0
EMP00176,42,Female,HR,1,7.6,59200,1.055,4,7.0,4.1,1.1,3.0,3,60,4.7,3,27,0
EMP00177,27,Male,HR,1,4.3,63900,1.128,4,5.8,4.8,0.3,2.1,4,60,0.6,1,1,0
EMP00178,28,Male,Sales,5,0.8,211800,1.044,4,5.5,2.4,2.7,2.2,3,40,1.8,1,7,0
EMP00179,35,Male,Marketing,1,8.3,55000,0.952,3,9.0,7.6,1.2,1.0,2,20,9.4,3,46,0
EMP00180,31,Male,HR,2,5.1,88100,1.185,3,6.9,4.0,0.4,1.6,3,0,3.3,3,18,0
EMP00181,28,Female,Finance,3,2.5,117900,0.905,5,2.7,1.0,1.1,0.2,2,10,1.0,3,21,0
EMP00182,25,Male,Engineering,3,5.6,112800,1.095,1,5.3,3.5,7.3,1.1,3,80,0.5,1,21,0
EMP00183,34,Female,Sales,2,1.5,90500,1.206,5,5.0,2.2,1.9,3.0,3,20,2.9,3,1,0
EMP00184,37,Male,Finance,1,2.1,48100,0.867,3,5.5,4.2,3.8,7.7,3,60,3.2,1,3,1
EMP00185,28,Male,Sales,2,12.5,98100,1.07,5,7.5,3.9,4.6,8.2,4,20,1.6,3,10,0
EMP00186,22,Female,Engineering,2,1.7,65600,0.792,3,6.3,4.9,8.5,2.0,4,40,4.0,3,7,0
EMP00187,27,Male,HR,1,3.2,49800,0.769,4,6.4,6.3,0.8,2.3,4,0,0.5,3,8,0
EMP00188,30,Female,Engineering,2,11.0,82300,0.911,4,8.9,4.5,2.6,0.5,3,20,0.6,5,23,0
EMP00189,33,Male,Marketing,1,6.2,53600,0.97,4,5.2,3.1,2.7,3.0,4,20,3.2,5,1,0
EMP00190,23,Female,Operations,1,0.3,51200,0.814,3,9.9,7.3,1.3,0.2,4,40,0.5,8,16,0
EMP00191,37,Male,Marketing,2,0.8,73800,0.976,4,5.3,2.7,0.7,0.8,3,10,8.5,7,1,0
EMP00192,32,Female,Sales,1,0.3,62200,0.945,4,6.7,5.2,4.6,2.8,4,40,0.6,4,1,1
EMP00193,31,Male,Finance,2,5.0,78200,1.176,2,6.0,4.9,6.4,0.9,2,20,4.5,7,8,0
EMP00194,34,Female,R&D,3,3.0,84400,0.776,1,6.7,6.3,1.7,0.1,4,60,2.0,5,28,0
EMP00195,32,Male,Finance,3,0.7,118800,0.966,4,7.3,3.7,2.9,4.5,3,10,2.0,4,2,0
EMP00196,36,Female,Operations,1,15.8,62800,0.878,3,7.3,3.0,2.0,0.9,3,40,5.8,1,12,0
EMP00197,25,Male,Operations,1,3.8,58300,1.001,4,5.1,2.8,6.2,0.2,2,20,2.8,1,17,0
EMP00198,28,Female,Engineering,1,1.4,60000,1.027,3,4.5,1.2,3.5,0.2,3,40,5.2,5,4,0
EMP00199,33,Male,Finance,3,3.5,109300,1.073,4,10.0,7.5,2.0,0.7,3,20,2.8,2,11,0
EMP00200,31,Male,Sales,3,5.7,128500,1.178,3,5.6,1.5,8.8,0.5,4,40,3.6,4,36,0
EMP00201,22,Male,Engineering,1,0.4,59200,1.104,4,7.8,9.3,7.7,3.7,4,60,5.7,2,11,0
EMP00202,23,Male,Operations,4,1.6,127700,0.938,3,3.6,4.7,0.4,1.0,4,0,3.7,2,3,0
EMP00203,32,Male,Operations,1,8.2,85600,1.166,2,6.0,3.9,0.6,4.1,3,0,3.8,4,15,0
EMP00204,28,Female,Engineering,2,3.1,81400,0.97,2,6.3,5.7,5.7,0.5,4,40,6.2,6,13,0
EMP00205,39,Non-binary,Engineering,3,4.0,105000,0.941,5,7.4,1.9,5.6,1.7,3,40,11.9,1,1,0
EMP00206,22,Male,Sales,4,2.8,168300,1.044,3,1.6,5.6,3.2,2.9,4,20,1.9,5,1,0
EMP00207,29,Female,Sales,3,0.3,104100,1.062,4,6.8,3.4,2.5,2.6,2,20,3.4,4,3,0
EMP00208,34,Female,Marketing,3,0.9,107500,1.139,2,4.4,2.6,3.0,2.3,3,0,0.5,2,2,0
EMP00209,40,Male,Finance,2,2.9,111900,1.4,3,7.1,1.3,1.7,6.5,4,10,1.8,2,5,0
EMP00210,25,Female,Engineering,3,1.2,98300,0.958,4,4.6,3.9,4.8,0.6,4,20,2.1,1,9,0
EMP00211,29,Female,HR,1,0.3,52900,1.062,4,5.0,1.3,0.3,1.7,3,60,7.2,1,7,1
EMP00212,36,Non-binary,Engineering,4,9.3,166100,1.035,5,6.0,4.1,13.6,5.4,3,20,2.9,2,33,1
EMP00213,43,Male,Finance,2,19.9,118400,1.156,5,4.6,2.0,4.2,0.2,2,40,5.3,1,14,0
EMP00214,32,Female,Operations,3,7.9,92500,0.72,4,5.6,1.7,3.0,0.1,4,60,0.5,1,31,0
EMP00215,36,Male,R&D,2,9.6,66800,0.97,4,4.4,1.4,1.1,0.7,3,20,2.5,5,11,0
EMP00216,22,Male,Engineering,3,1.4,94400,0.932,4,3.2,2.5,1.7,2.5,2,40,9.3,3,1,0
EMP00217,42,Male,Engineering,2,16.2,77100,0.72,3,8.3,3.1,4.6,0.8,2,60,1.0,3,9,0
EMP00218,28,Non-binary,Finance,3,1.1,96100,0.927,5,4.2,1.4,3.3,0.5,2,20,0.5,1,26,0
EMP00219,37,Female,Engineering,1,15.1,75000,0.949,4,6.2,5.2,6.3,1.5,4,20,2.3,5,3,0
EMP00220,57,Female,Finance,1,26.3,71500,0.815,4,7.9,9.8,1.4,2.4,2,80,4.9,5,1,0
EMP00221,28,Male,Sales,1,6.2,50100,0.857,3,5.4,4.4,5.4,0.7,3,80,2.4,3,6,0
EMP00222,40,Male,Engineering,1,19.9,75400,1.193,2,5.0,1.6,9.0,0.9,3,20,2.5,6,7,0
EMP00223,39,Male,Sales,4,4.2,169900,1.088,5,6.9,3.8,2.3,2.4,3,10,4.4,5,5,0
EMP00224,23,Male,Finance,1,1.5,44600,0.848,3,8.5,5.6,1.8,7.3,4,20,1.2,4,2,0
EMP00225,26,Male,R&D,5,2.9,236000,1.202,4,4.4,2.2,4.3,2.8,3,20,5.6,4,4,0
EMP00226,29,Female,Operations,2,4.5,90900,1.159,3,6.2,5.7,2.4,3.8,3,20,0.7,1,17,0
EMP00227,31,Male,Finance,1,0.4,63300,0.958,4,3.4,2.6,3.2,1.1,3,40,2.0,2,7,0
EMP00228,31,Male,HR,3,4.9,129100,0.916,2,5.8,5.4,2.2,0.8,3,60,4.3,1,15,0
EMP00229,35,Male,Operations,3,19.9,184900,1.258,4,6.6,3.7,14.4,1.5,3,20,7.0,1,12,0
EMP00230,24,Male,Operations,2,1.1,72800,0.993,3,5.0,5.6,0.2,4.1,3,60,6.3,1,12,0
EMP00231,29,Male,Engineering,2,7.9,87000,1.112,5,5.7,3.4,8.8,1.5,3,10,5.1,5,4,0
EMP00232,35,Female,Engineering,3,11.9,114500,0.866,4,4.0,1.0,2.0,4.7,4,0,1.8,1,11,0
EMP00233,40,Female,Operations,1,14.4,69300,0.801,3,6.6,8.2,0.5,10.0,3,40,0.5,7,1,0
EMP00234,41,Female,R&D,5,16.1,319700,1.21,4,8.4,2.2,1.4,0.2,4,10,1.0,3,8,0
EMP00235,22,Male,Operations,5,3.7,176700,1.036,3,4.5,1.6,0.5,0.1,3,20,8.0,1,13,0
EMP00236,46,Male,HR,3,18.9,118800,0.785,3,5.4,2.4,9.9,0.4,4,60,7.8,2,3,0
EMP00237,33,Male,R&D,1,7.1,75200,1.072,5,7.4,9.3,8.8,1.2,1,20,12.1,1,4,0
EMP00238,34,Female,Operations,3,0.9,117200,1.347,4,8.7,8.9,1.2,0.4,3,40,0.5,8,4,0
EMP00239,31,Female,Operations,1,3.2,55300,0.923,3,3.8,5.2,3.1,5.1,3,20,3.1,5,1,0
EMP00240,37,Male,Engineering,1,6.3,69000,1.053,3,6.2,3.4,2.8,0.1,4,0,4.2,1,6,0
EMP00241,29,Male,Sales,2,1.4,80700,1.052,3,7.0,8.9,6.1,0.9,4,40,5.0,6,58,0
EMP00242,37,Male,Operations,2,5.1,101000,1.31,5,6.3,4.8,3.0,0.5,3,60,4.1,4,7,0
EMP00243,33,Female,Engineering,4,5.5,155500,0.895,3,2.0,3.1,1.2,6.7,4,20,5.9,1,9,0
EMP00244,26,Female,Operations,3,0.9,117300,1.198,5,7.4,5.1,4.3,2.8,3,40,1.8,3,16,0
EMP00245,41,Female,Engineering,3,4.2,155700,1.4,5,9.2,5.9,5.8,6.1,4,60,0.8,3,16,0
EMP00246,36,Female,R&D,2,7.4,92400,1.301,3,6.7,3.9,2.1,9.0,4,40,0.9,1,45,0
EMP00247,32,Male,Engineering,2,3.5,80300,0.876,3,4.6,2.6,10.8,1.7,2,10,0.5,4,29,1
EMP00248,22,Male,HR,2,0.3,83400,1.039,5,5.6,4.7,7.2,0.7,4,40,1.7,1,24,0
EMP00249,22,Male,Sales,5,0.3,191100,0.941,3,9.7,7.0,2.4,0.5,3,40,0.5,2,45,0
EMP00250,29,Male,R&D,1,2.2,79900,1.4,1,8.1,5.2,2.8,0.6,1,40,1.6,1,4,0
EMP00251,37,Female,Operations,4,13.0,177200,1.038,3,7.7,7.7,15.0,3.1,2,20,4.0,7,14,0
EMP00252,24,Female,Engineering,2,1.3,73900,1.067,4,7.1,1.0,1.1,0.1,4,10,9.0,4,33,0
EMP00253,31,Male,Sales,2,5.0,72700,0.912,4,5.3,4.4,3.4,0.1,4,40,7.3,1,15,0
EMP00254,35,Female,Sales,3,1.3,119300,1.4,3,6.1,5.3,6.8,2.3,4,20,1.2,2,57,0
EMP00255,31,Male,Marketing,2,1.9,87600,1.207,3,6.4,6.2,6.8,2.6,4,40,0.6,1,2,0
EMP00256,28,Male,Engineering,4,9.4,152700,0.932,5,7.5,4.8,5.2,2.7,4,60,0.9,4,9,0
EMP00257,31,Male,Engineering,4,6.5,169500,0.997,4,9.2,6.4,4.9,1.2,1,60,14.2,1,57,0
EMP00258,22,Male,Operations,2,0.5,61300,0.812,4,8.5,7.3,12.0,4.1,3,20,3.2,5,7,0
EMP00259,26,Male,Operations,2,2.8,80800,0.937,4,3.9,5.2,3.9,1.9,1,20,0.8,6,20,0
EMP00260,24,Male,Marketing,2,0.3,80300,0.929,4,6.9,3.9,5.7,0.3,2,40,7.3,3,1,0
EMP00261,26,Male,Engineering,4,3.3,188400,1.129,4,7.8,5.6,3.5,4.0,2,40,2.0,1,18,0
EMP00262,24,Non-binary,Operations,1,5.4,54200,0.84,3,7.6,8.0,2.1,7.6,3,80,9.2,2,41,0
EMP00263,26,Male,Finance,3,0.6,84500,0.833,3,5.4,1.0,3.6,0.2,4,40,1.2,2,7,0
EMP00264,25,Male,HR,3,1.7,90900,0.967,4,10.0,5.3,2.3,1.2,4,20,2.0,3,1,0
EMP00265,22,Male,Finance,3,2.5,86700,0.763,4,4.2,5.4,3.3,1.7,3,40,2.8,3,1,0
EMP00266,46,Female,Engineering,1,12.6,81400,0.98,5,4.6,5.0,9.1,0.4,4,40,8.9,3,33,0
EMP00267,51,Male,Sales,3,25.0,180100,1.123,3,6.9,5.4,6.4,5.1,3,40,8.1,2,19,0
EMP00268,24,Female,Engineering,4,0.3,147200,0.862,5,10.0,5.7,10.7,0.8,4,40,3.4,5,2,0
EMP00269,32,Male,Sales,1,7.2,73700,1.347,5,5.0,1.7,8.4,3.8,3,10,1.0,1,1,0
EMP00270,22,Male,Marketing,1,2.3,58400,1.134,3,6.0,2.8,0.9,2.8,3,0,2.1,2,25,0
EMP00271,36,Female,Sales,5,2.5,206200,0.897,4,8.4,8.2,0.2,2.3,4,20,14.9,4,25,0
EMP00272,41,Male,R&D,1,7.0,59100,0.907,4,6.5,3.1,1.4,0.5,3,20,3.7,1,2,0
EMP00273,37,Male,HR,4,12.5,164200,0.807,5,5.9,4.0,1.4,0.6,3,10,6.1,4,5,0
EMP00274,43,Male,Sales,2,15.1,76800,0.77,4,7.5,3.5,18.5,0.1,2,60,2.4,4,23,1
EMP00275,30,Female,Marketing,1,4.3,61500,1.114,4,7.0,6.1,3.2,0.7,3,20,3.0,3,11,0
EMP00276,22,Male,Marketing,4,2.2,144700,1.007,4,8.4,4.5,1.7,1.1,4,60,2.2,1,47,0
EMP00277,30,Male,Operations,2,7.7,94800,1.26,3,8.8,5.5,3.2,4.5,1,10,4.9,1,10,0
EMP00278,28,Non-binary,Engineering,2,1.4,77900,1.128,3,7.1,1.6,4.7,1.1,4,10,7.6,2,17,0
EMP00279,27,Male,Marketing,2,4.2,78900,0.874,4,7.0,1.6,0.6,3.5,1,20,2.8,1,11,0
EMP00280,27,Female,Marketing,2,2.2,69000,0.804,4,6.9,4.5,3.0,1.4,3,10,2.6,7,43,0
EMP00281,30,Female,Engineering,1,5.3,60900,0.956,4,7.4,2.4,6.5,3.8,2,60,1.7,3,8,0
EMP00282,27,Male,Engineering,2,1.4,85300,1.311,4,6.6,8.1,6.2,9.4,4,0,0.8,2,4,0
EMP00283,27,Male,HR,5,1.1,173800,0.879,3,6.5,1.0,1.5,0.7,2,20,11.2,6,6,0
EMP00284,31,Male,HR,2,12.5,93000,1.099,4,8.7,4.2,3.8,5.0,3,60,1.5,4,29,0
EMP00285,23,Female,Engineering,3,0.5,104200,0.916,2,9.2,6.0,15.8,2.4,2,20,6.5,2,10,0
EMP00286,22,Female,R&D,2,3.5,72100,0.946,4,3.8,1.8,9.9,4.2,2,10,5.0,2,7,0
EMP00287,32,Female,Finance,3,1.2,94100,1.022,5,6.5,2.2,0.7,2.6,4,20,6.3,1,12,0
EMP00288,22,Female,Operations,1,0.3,57100,1.028,4,5.3,1.7,2.4,1.4,2,20,11.0,7,2,0
EMP00289,32,Female,Engineering,5,0.3,171600,0.909,1,5.9,2.1,5.3,0.6,2,10,3.9,3,1,1
EMP00290,34,Male,Engineering,2,1.0,80200,0.902,3,7.2,4.2,15.7,0.2,2,20,9.1,5,5,0
EMP00291,33,Male,Engineering,1,10.1,57300,0.917,4,7.7,8.5,1.7,1.9,3,60,0.7,2,14,0
EMP00292,22,Female,Operations,1,1.7,65800,1.326,4,6.3,4.2,2.2,10.0,3,60,3.9,5,19,0
EMP00293,36,Male,Engineering,1,15.0,96900,1.4,4,3.1,4.1,4.8,3.3,1,0,5.9,1,26,0
EMP00294,29,Male,Engineering,2,4.4,71800,0.876,3,4.8,4.0,10.0,1.0,2,10,1.3,8,39,1
EMP00295,23,Female,HR,2,2.9,85000,1.127,4,8.1,7.3,0.8,4.4,3,20,5.4,6,8,0
EMP00296,27,Male,Operations,3,4.3,97300,1.025,4,1.6,1.0,0.1,3.7,3,40,6.0,2,20,1
EMP00297,37,Female,Sales,2,3.6,92400,1.014,3,8.6,5.0,4.2,0.8,4,20,7.1,4,1,0
EMP00298,35,Female,Marketing,1,7.1,52000,0.765,4,7.4,7.2,1.2,0.0,4,60,1.5,4,1,0
EMP00299,23,Male,R&D,3,1.7,110200,1.065,3,8.9,4.8,0.6,0.3,3,40,4.6,6,2,0
EMP00300,22,Female,R&D,3,2.2,92000,0.766,4,6.1,7.1,1.2,5.2,3,10,1.5,2,9,0
EMP00301,33,Male,Finance,1,11.2,64200,0.876,5,2.8,4.5,0.2,4.5,4,40,5.4,2,4,1
EMP00302,37,Male,Operations,1,14.6,60100,0.898,4,7.3,3.9,9.0,0.9,4,10,2.5,5,5,1
EMP00303,37,Male,Sales,1,11.2,74200,1.201,4,8.8,4.8,21.2,0.8,2,20,3.6,4,16,1
EMP00304,25,Male,R&D,3,2.7,93300,0.812,4,8.2,3.5,5.1,3.9,4,10,2.2,2,7,0
EMP00305,35,Male,Sales,3,7.6,122800,1.011,3,5.3,2.3,2.8,6.9,4,10,0.7,5,12,0
EMP00306,38,Male,Engineering,2,3.2,75600,0.926,4,6.7,2.1,7.6,3.8,3,40,0.8,1,8,0
EMP00307,33,Male,R&D,3,3.4,104400,1.057,4,5.5,4.3,2.0,2.3,3,40,0.5,4,3,0
EMP00308,27,Male,Marketing,3,1.1,104100,0.956,3,5.0,1.0,2.6,0.7,4,10,3.9,1,1,0
EMP00309,29,Female,HR,2,4.5,72900,0.954,3,8.2,6.4,2.0,1.9,2,80,7.6,2,4,0
EMP00310,25,Female,Engineering,4,1.0,146800,1.037,4,4.3,3.9,4.2,0.7,4,20,0.5,2,1,0
EMP00311,34,Male,Operations,1,2.0,70600,1.064,2,4.9,1.0,2.5,4.1,4,10,0.5,2,14,1
EMP00312,31,Male,Sales,1,9.7,57900,0.927,2,4.5,5.7,3.5,1.2,4,10,2.4,3,24,0
EMP00313,27,Male,Sales,2,1.2,90300,1.373,4,3.8,3.4,2.2,4.5,3,40,5.4,3,6,0
EMP00314,27,Male,Operations,1,0.4,68300,1.368,3,6.8,5.8,2.8,1.2,2,80,0.7,2,7,0
EMP00315,24,Female,Engineering,2,0.4,67400,0.807,5,8.6,4.2,8.4,4.3,2,40,1.3,1,25,0
EMP00316,30,Female,Sales,4,14.1,143200,0.761,3,6.2,5.2,2.1,1.0,4,60,1.1,4,4,0
EMP00317,30,Male,Operations,1,3.5,61000,1.043,4,3.8,4.5,1.5,1.5,4,20,2.0,2,2,0
EMP00318,28,Male,Operations,1,2.6,53300,0.965,4,8.0,5.0,2.2,2.4,3,20,1.0,3,10,0
EMP00319,35,Male,Marketing,2,8.3,112000,1.203,4,9.5,9.8,5.3,0.2,2,40,1.7,3,16,0
EMP00320,31,Female,Marketing,4,9.0,163500,1.061,3,5.3,3.5,0.2,7.4,4,40,5.2,6,14,0
EMP00321,34,Male,Operations,2,2.0,69400,0.86,5,5.6,5.7,1.3,2.1,4,20,3.8,4,19,0
EMP00322,26,Non-binary,Sales,2,5.9,70700,0.898,4,7.4,5.3,12.6,1.8,2,60,0.5,1,1,0
EMP00323,40,Female,HR,1,7.4,72600,1.242,4,9.4,7.2,3.1,4.6,3,0,4.1,5,8,0
EMP00324,22,Male,Engineering,1,5.3,55600,0.965,3,5.6,1.0,8.4,5.0,4,20,2.6,8,4,0
EMP00325,29,Female,Marketing,5,0.8,204100,1.041,3,4.1,3.3,5.6,1.8,4,40,10.9,2,21,0
EMP00326,37,Female,Sales,5,10.4,271400,1.11,4,7.6,3.6,7.5,6.6,4,40,1.4,7,31,0
EMP00327,25,Female,Engineering,1,3.9,55000,0.9,1,7.9,3.6,3.0,0.2,2,20,5.2,3,5,0
EMP00328,29,Male,Sales,5,1.7,204800,1.4,4,6.5,7.4,25.0,0.3,2,20,5.3,2,2,0
EMP00329,35,Male,R&D,3,2.8,104800,1.07,3,5.5,3.2,8.8,2.3,3,20,1.0,2,4,0
EMP00330,22,Female,Finance,4,0.3,154900,1.143,4,8.3,3.6,1.3,1.1,4,40,9.3,3,2,0
EMP00331,29,Female,Finance,2,0.7,82500,0.932,5,7.5,4.2,0.5,1.6,4,40,2.7,1,6,0
EMP00332,22,Female,Engineering,2,7.3,82300,1.053,4,5.1,1.0,2.6,1.0,4,40,4.5,1,12,0
EMP00333,22,Female,Operations,2,0.3,76100,0.992,4,6.6,6.9,0.1,1.3,3,20,0.6,1,55,0
EMP00334,36,Female,Operations,3,2.7,99500,0.809,4,4.1,1.4,0.1,4.3,4,80,1.2,2,8,0
EMP00335,26,Female,Sales,1,3.7,47700,0.915,4,7.7,6.0,5.3,2.3,3,60,3.5,2,4,0
EMP00336,22,Male,Engineering,1,0.3,57300,0.995,5,6.0,6.3,11.7,10.0,3,20,1.5,3,3,0
EMP00337,39,Female,Finance,2,18.1,129600,1.339,5,5.7,2.8,6.2,3.9,3,10,2.8,2,3,0
EMP00338,37,Female,R&D,3,1.3,90400,0.924,4,6.4,5.1,2.1,0.8,4,20,1.9,8,3,0
EMP00339,22,Female,Finance,1,1.8,51000,0.967,3,6.6,2.4,2.5,0.8,4,20,4.1,2,22,0
EMP00340,22,Female,Sales,3,1.8,91400,0.946,4,8.1,9.7,2.5,1.0,3,60,2.7,2,1,0
EMP00341,35,Male,Marketing,5,1.3,226500,0.839,3,7.6,6.6,0.7,4.6,2,40,0.5,1,80,0
EMP00342,36,Female,Sales,1,0.3,58900,0.978,4,6.2,3.7,0.5,0.1,4,60,4.2,2,11,0
EMP00343,31,Female,Sales,3,6.5,109200,0.856,4,7.9,3.7,25.0,0.7,2,20,2.2,1,12,0
EMP00344,33,Male,Engineering,2,17.0,86100,0.795,4,7.2,4.5,1.7,5.9,4,40,1.7,3,7,0
EMP00345,38,Male,HR,4,1.3,145100,1.183,5,5.7,3.1,6.1,2.6,3,20,0.5,4,18,0
EMP00346,38,Male,R&D,1,5.4,48500,0.758,4,6.3,7.6,3.1,0.6,2,10,1.0,1,10,0
EMP00347,35,Male,Finance,3,6.8,114500,0.895,1,6.2,1.8,0.8,0.6,3,40,1.0,2,6,0
EMP00348,29,Male,HR,3,9.4,132100,1.192,5,7.4,5.1,0.5,5.0,2,10,11.0,1,5,0
EMP00349,28,Male,Marketing,4,2.7,123200,0.754,3,5.8,3.7,3.0,5.6,3,40,2.3,5,39,0
EMP00350,27,Female,R&D,3,1.8,83300,0.747,4,5.8,3.6,6.9,0.7,2,40,0.5,4,5,0
EMP00351,29,Female,Engineering,2,2.0,96900,1.028,2,10.0,6.3,10.1,1.4,2,60,0.6,1,9,0
EMP00352,38,Female,Sales,3,6.2,102000,0.936,3,8.2,5.1,4.5,4.5,2,10,0.5,2,6,0
EMP00353,37,Female,Operations,4,8.5,189200,1.271,5,5.1,4.9,2.7,3.7,4,40,3.6,7,1,0
EMP00354,22,Male,Marketing,2,1.0,74700,1.01,3,7.5,6.0,1.1,4.2,3,80,0.8,2,3,0
EMP00355,35,Male,Engineering,1,2.3,56000,0.84,4,6.7,5.1,15.3,1.8,2,60,2.8,3,3,0
EMP00356,37,Female,Engineering,4,11.6,179900,1.229,3,7.2,1.0,4.3,6.1,4,40,1.8,2,18,0
EMP00357,36,Male,Operations,3,8.2,101400,1.056,5,6.7,4.9,2.9,1.0,3,40,6.5,3,8,0
EMP00358,50,Non-binary,Marketing,3,21.0,140400,0.952,5,8.6,2.6,1.7,0.4,3,20,1.5,7,23,0
EMP00359,26,Female,Marketing,1,7.0,58700,0.967,3,7.1,5.8,2.9,3.1,4,40,2.5,9,19,0
EMP00360,28,Male,Engineering,3,2.5,86900,0.823,2,6.4,6.8,2.0,1.9,4,40,5.1,4,3,0
EMP00361,27,Non-binary,Marketing,2,4.5,85000,0.938,4,8.4,3.8,0.1,4.8,4,40,2.3,2,12,0
EMP00362,22,Male,Engineering,3,5.4,105700,0.998,3,6.9,4.0,2.5,0.2,3,40,6.3,2,20,0
EMP00363,28,Male,Engineering,1,0.4,54200,1.178,4,6.7,3.3,8.4,4.6,4,20,4.3,2,15,0
EMP00364,42,Female,Engineering,3,3.9,90300,0.72,2,7.1,6.8,3.2,0.9,3,10,2.1,8,14,0
EMP00365,22,Male,HR,5,6.2,277800,1.35,3,6.3,4.3,0.3,2.7,3,40,2.8,4,20,0
EMP00366,27,Female,Sales,1,0.9,63200,1.253,4,6.5,7.3,11.3,0.1,4,20,13.7,2,1,0
EMP00367,35,Male,R&D,5,7.6,260200,0.998,3,5.4,4.3,0.9,2.4,3,20,4.3,1,20,0
EMP00368,30,Female,R&D,2,4.4,77600,0.98,5,5.1,3.8,0.8,3.2,4,0,9.4,3,5,0
EMP00369,38,Female,R&D,4,15.2,140000,0.754,2,4.7,3.2,1.1,1.2,1,20,0.8,8,13,0
EMP00370,22,Female,HR,3,0.3,132200,1.251,3,4.0,4.1,2.6,0.6,3,60,2.6,3,4,0
EMP00371,28,Male,Finance,2,1.5,76400,0.885,5,4.9,1.0,2.4,1.9,4,40,9.6,1,27,1
EMP00372,26,Male,R&D,3,4.6,97500,0.915,4,6.2,4.2,2.0,4.5,2,0,1.6,1,10,0
EMP00373,22,Female,Engineering,4,1.8,153200,0.904,4,6.7,4.2,8.0,1.0,4,20,13.7,2,15,0
EMP00374,37,Male,HR,2,6.3,98300,1.4,3,6.0,5.2,1.1,0.7,4,20,0.5,6,24,0
EMP00375,36,Female,Operations,2,7.1,84300,0.901,4,2.3,1.2,4.6,0.8,4,20,9.3,9,34,0
EMP00376,27,Female,Engineering,3,0.5,120700,1.298,4,9.3,4.2,1.1,7.4,3,20,2.4,6,20,0
EMP00377,30,Female,Sales,3,3.6,123900,1.001,3,8.5,5.5,6.7,1.1,3,60,0.5,4,2,0
EMP00378,34,Female,Engineering,3,3.6,91600,0.837,4,7.3,2.8,10.6,0.0,4,0,8.5,3,29,0
EMP00379,29,Male,Engineering,3,2.3,94800,0.965,4,9.9,3.0,4.8,3.8,4,40,1.2,3,14,0
EMP00380,41,Female,Engineering,2,13.5,106600,1.026,3,4.7,4.4,5.3,3.0,3,60,0.5,3,14,0
EMP00381,32,Female,HR,3,8.8,79200,0.72,4,9.9,7.5,3.3,0.3,4,80,0.6,4,38,0
EMP00382,37,Male,Sales,1,6.0,59700,0.899,4,4.8,4.0,3.4,10.0,3,10,4.3,2,4,0
EMP00383,33,Female,Marketing,2,6.3,68300,0.887,3,6.9,6.8,5.7,2.3,4,40,15.2,3,4,0
EMP00384,29,Male,Sales,1,3.1,54300,0.97,4,4.2,1.5,11.6,1.7,2,0,0.5,1,11,1
EMP00385,30,Male,Engineering,2,12.7,88400,0.922,3,6.5,1.6,1.2,1.2,2,20,2.5,2,21,0
EMP00386,32,Male,Engineering,2,5.9,78900,0.935,4,7.2,4.6,3.4,5.7,3,10,0.8,5,9,0
EMP00387,27,Female,Sales,2,6.5,77500,0.839,4,6.2,3.4,4.8,0.7,3,60,5.5,6,15,1
EMP00388,31,Male,Operations,3,9.9,101000,1.014,4,7.8,3.6,0.2,0.8,4,10,0.5,3,9,0
EMP00389,23,Female,Sales,2,1.6,106400,1.325,5,6.7,4.2,9.0,0.3,2,40,1.1,1,14,0
EMP00390,27,Female,Engineering,2,8.2,111800,1.3,3,5.6,2.5,13.5,3.6,3,40,0.9,6,26,0
EMP00391,38,Male,Operations,1,1.1,47700,0.921,4,5.5,1.0,2.8,2.3,3,80,3.2,4,3,0
EMP00392,34,Male,Engineering,2,2.1,97100,1.333,4,8.0,4.4,4.4,2.3,3,40,8.3,2,18,0
EMP00393,37,Female,Engineering,1,2.0,53900,0.959,4,5.3,1.4,8.4,0.6,3,20,2.9,3,23,0
EMP00394,35,Male,Sales,1,19.2,75400,1.382,4,8.1,5.7,1.9,2.6,3,20,0.5,2,9,0
EMP00395,34,Female,R&D,3,9.7,116400,1.029,2,8.7,4.5,2.0,3.6,2,10,3.3,2,6,0
EMP00396,24,Male,R&D,3,6.0,101000,0.974,3,3.5,4.3,7.4,1.1,2,40,6.4,5,1,1
EMP00397,28,Male,Sales,3,6.5,128200,1.063,3,8.5,8.4,15.6,4.0,3,40,0.6,1,24,0
EMP00398,25,Female,Marketing,2,4.1,82000,1.087,5,10.0,7.7,7.9,1.1,2,40,0.5,1,6,0
EMP00399,44,Male,Sales,2,14.7,88700,0.913,3,7.0,1.8,1.2,3.5,2,0,0.8,1,7,0
EMP00400,27,Male,Engineering,4,3.4,123800,0.72,5,7.6,7.6,5.0,0.1,4,40,5.5,2,6,0
EMP00401,33,Male,HR,2,2.4,69000,0.791,4,8.4,8.3,1.1,2.0,2,40,3.6,1,10,0
EMP00402,30,Male,Engineering,2,0.9,60600,0.724,3,6.0,3.9,5.1,8.7,3,80,3.1,1,18,0
EMP00403,44,Male,Engineering,1,7.7,62700,1.025,4,6.8,6.8,2.9,9.9,1,40,1.1,1,22,0
EMP00404,24,Female,Sales,2,6.6,71000,0.783,4,4.1,1.7,1.7,0.8,3,20,1.6,1,7,1
EMP00405,34,Male,R&D,2,2.4,75400,0.978,5,6.7,1.0,2.9,1.5,3,20,13.5,2,16,0
EMP00406,32,Male,Operations,2,0.3,91300,1.233,3,7.4,3.4,4.3,0.2,2,10,1.1,1,19,0
EMP00407,28,Female,Marketing,2,9.1,103200,1.1,3,7.4,7.9,4.0,5.2,4,40,9.3,3,5,0
EMP00408,31,Male,Sales,2,0.3,75100,1.056,3,8.4,2.8,6.5,2.1,4,40,3.5,3,2,0
EMP00409,33,Male,HR,3,6.1,109600,0.832,2,5.1,3.3,0.1,1.2,2,20,0.5,1,34,1
EMP00410,39,Female,Sales,3,17.6,171300,1.255,4,5.5,3.6,3.0,0.3,4,10,2.5,3,17,0
EMP00411,24,Female,HR,3,2.9,113200,1.0,5,9.9,5.5,4.7,7.3,3,10,11.9,9,16,0
EMP00412,23,Female,Operations,3,1.3,97700,0.821,3,6.2,3.2,2.3,1.9,2,60,2.2,6,1,0
EMP00413,41,Female,Marketing,5,6.1,181800,0.723,4,6.9,4.6,2.6,0.8,1,20,8.0,1,26,0
EMP00414,33,Male,HR,1,8.5,67000,1.182,4,6.4,3.1,0.2,1.1,3,20,1.2,4,13,0
EMP00415,33,Female,Engineering,1,4.0,66200,1.058,3,5.0,1.0,7.5,0.8,3,20,3.4,2,28,0
EMP00416,36,Male,Operations,1,17.1,65800,0.798,3,9.4,6.5,3.1,2.3,3,20,7.4,1,55,0
EMP00417,22,Female,R&D,3,0.3,104700,0.951,4,5.6,5.6,5.9,6.6,4,40,10.1,2,47,0
EMP00418,34,Male,Sales,4,3.5,141400,1.048,5,4.5,4.5,9.6,4.9,4,60,2.7,2,29,0
EMP00419,24,Male,Engineering,1,6.3,59700,1.018,4,5.7,2.2,5.0,1.5,3,10,4.1,3,1,0
EMP00420,32,Male,Engineering,4,9.9,116400,0.72,1,2.9,1.0,16.2,4.4,3,40,0.5,3,33,0
EMP00421,27,Female,Operations,1,1.0,54300,1.042,3,5.3,2.9,5.4,1.4,4,20,1.2,4,1,0
EMP00422,33,Male,R&D,4,8.0,183400,1.148,2,4.8,5.9,2.3,0.7,2,80,1.3,1,29,0
EMP00423,28,Male,Marketing,2,4.0,73600,0.77,4,7.6,6.1,2.2,10.0,3,20,0.5,2,5,0
EMP00424,30,Male,Sales,1,2.5,57900,1.003,4,5.3,4.7,7.2,0.9,3,0,1.3,2,14,0
EMP00425,30,Male,Sales,2,0.7,68300,0.964,3,8.1,6.9,17.3,1.0,2,40,1.5,2,1,0
EMP00426,38,Female,Operations,2,10.0,93100,1.111,4,9.0,6.6,7.2,10.0,3,10,13.9,9,22,0
EMP00427,22,Male,Sales,2,0.9,73900,0.935,4,7.9,5.4,13.0,0.4,2,0,4.4,4,2,0
EMP00428,26,Male,Sales,2,1.9,68000,0.994,4,6.1,5.2,3.5,3.6,3,40,2.2,7,8,0
EMP00429,33,Male,Engineering,3,1.7,124200,1.227,5,6.8,3.4,10.7,6.9,3,40,17.7,3,26,0
EMP00430,39,Female,Sales,2,10.3,101300,1.065,2,3.8,1.0,5.6,1.8,3,20,0.7,2,18,0
EMP00431,24,Male,Engineering,2,5.6,75900,0.791,5,6.3,5.4,4.9,0.0,2,40,2.6,2,1,0
EMP00432,34,Male,Engineering,3,8.0,122700,0.976,3,5.0,5.5,1.8,1.2,3,40,4.2,2,8,0
EMP00433,22,Male,Finance,3,1.4,110500,1.151,3,7.7,3.0,5.0,0.3,3,40,0.5,2,1,0
EMP00434,30,Male,Operations,2,4.9,89300,0.955,5,10.0,8.0,2.8,1.3,3,40,5.0,5,17,0
EMP00435,39,Male,R&D,2,4.2,63600,0.8,5,7.4,7.8,0.6,3.9,4,40,0.5,2,52,0
EMP00436,28,Female,Sales,1,8.9,73500,1.265,4,2.9,1.9,5.4,1.4,3,10,0.6,2,16,0
EMP00437,31,Female,Finance,1,11.8,61600,0.905,4,5.8,2.3,3.4,1.4,1,20,0.7,4,4,0
EMP00438,30,Female,Engineering,3,0.3,95600,0.823,4,6.7,4.6,5.6,2.0,3,20,10.6,5,7,0
EMP00439,23,Male,Engineering,1,5.6,87600,1.395,4,6.7,3.4,5.5,2.2,4,20,4.6,2,56,0
EMP00440,23,Male,Engineering,2,0.3,78700,1.041,3,5.2,2.3,9.3,4.9,4,40,4.3,3,4,0
EMP00441,32,Male,HR,3,4.0,101600,0.793,4,6.9,5.3,2.2,0.9,3,20,3.2,1,12,0
EMP00442,24,Non-binary,Operations,1,1.7,41600,0.841,4,4.3,1.0,2.1,4.3,2,10,1.4,3,8,0
EMP00443,26,Female,Sales,2,1.8,94100,1.372,4,4.8,1.0,1.3,2.1,3,20,3.9,1,22,0
EMP00444,31,Female,Marketing,2,2.2,64600,0.966,4,7.7,5.0,7.7,0.9,3,20,2.1,1,30,0
EMP00445,32,Male,Engineering,5,4.9,189100,0.822,4,4.7,3.0,5.2,0.9,4,40,0.6,3,6,0
EMP00446,29,Male,Operations,2,2.0,74200,0.932,5,7.5,5.5,2.3,1.1,3,20,4.7,2,16,0
EMP00447,30,Male,Engineering,3,6.6,136400,1.021,4,4.0,6.0,5.9,2.4,3,40,0.6,4,12,0
EMP00448,30,Female,Marketing,2,2.6,87500,1.077,5,9.7,6.5,0.7,0.7,3,20,0.8,5,5,0
EMP00449,26,Female,Engineering,1,0.4,54200,1.017,3,5.1,4.4,2.9,6.3,3,60,6.8,1,5,0
EMP00450,34,Female,Engineering,3,7.7,118900,1.017,4,6.1,2.2,1.0,2.1,4,80,4.3,4,12,0
EMP00451,25,Female,Marketing,5,1.7,189500,0.903,4,7.1,6.0,4.3,6.3,3,40,4.0,3,3,0
EMP00452,27,Male,Sales,3,2.8,107100,1.192,4,5.5,2.6,3.7,0.1,4,60,2.2,1,25,0
EMP00453,26,Female,Finance,3,5.8,111600,0.755,4,6.8,4.5,5.8,1.0,3,40,2.0,3,1,1
EMP00454,27,Female,R&D,4,2.0,166100,1.079,4,7.5,4.7,6.7,0.1,2,60,4.7,3,1,0
EMP00455,22,Male,Operations,1,0.3,63300,1.12,5,8.2,7.2,3.1,0.8,3,60,5.4,3,6,0
EMP00456,22,Male,Operations,1,2.3,61400,0.999,4,7.9,2.8,3.9,5.0,1,80,2.9,6,2,0
EMP00457,39,Male,Operations,3,14.5,119900,0.847,3,6.2,1.0,2.4,0.1,3,40,13.9,3,10,0
EMP00458,31,Male,Marketing,2,5.1,90800,1.104,4,6.2,3.6,1.5,1.4,3,40,12.5,9,8,0
EMP00459,34,Male,Operations,3,5.6,108700,1.031,4,10.0,7.3,3.1,0.3,4,40,2.1,3,19,0
EMP00460,28,Female,HR,4,5.0,131200,0.795,3,8.2,5.6,7.2,1.3,3,20,6.9,1,46,0
EMP00461,29,Male,Operations,2,1.1,72300,0.906,5,4.8,5.3,1.6,4.6,1,20,3.1,2,21,1
EMP00462,31,Male,Engineering,1,2.7,58400,1.087,4,6.7,5.1,3.7,2.4,3,60,2.9,1,3,0
EMP00463,34,Male,Marketing,3,7.0,127900,0.962,4,5.9,2.8,1.5,3.3,3,10,0.5,3,41,0
EMP00464,22,Female,R&D,2,0.5,73800,0.945,3,6.3,1.0,1.7,1.1,4,40,3.4,3,7,0
EMP00465,28,Female,R&D,3,1.6,86900,0.78,1,4.3,2.4,0.2,7.2,3,20,9.2,2,10,1
EMP00466,29,Male,Engineering,2,1.6,77800,0.872,4,5.8,5.6,5.6,3.1,4,20,6.1,1,8,1
EMP00467,28,Female,Marketing,3,2.8,106700,1.003,3,9.8,5.7,2.0,1.4,2,60,6.2,2,5,0
EMP00468,31,Female,Sales,1,19.7,76500,0.94,4,7.5,4.9,5.4,1.4,4,60,0.7,1,34,0
EMP00469,27,Male,Operations,3,0.3,114400,1.048,3,2.0,2.1,1.4,6.3,4,40,1.8,3,6,0
EMP00470,40,Male,Marketing,2,3.7,92300,1.224,4,8.7,3.8,2.8,2.1,4,20,1.1,4,13,0
EMP00471,25,Female,Finance,2,1.0,70300,0.912,2,8.5,6.6,6.3,3.1,1,20,1.5,7,4,0
EMP00472,36,Female,Finance,1,17.6,66400,0.859,3,5.9,6.8,9.3,1.3,3,20,3.5,1,24,0
EMP00473,28,Female,Engineering,3,0.6,87400,0.949,4,7.8,4.8,3.8,0.6,3,20,1.8,3,22,0
EMP00474,30,Female,Engineering,4,2.6,161600,0.866,3,5.0,1.2,3.0,3.2,2,10,3.3,3,5,0
EMP00475,37,Female,Engineering,1,6.7,75500,1.377,4,5.7,3.6,10.6,2.3,3,40,2.3,6,17,0
EMP00476,25,Male,Sales,1,6.1,58400,1.066,5,9.2,2.0,5.8,1.7,4,20,1.4,3,18,0
EMP00477,32,Male,Engineering,1,2.7,55800,0.84,4,6.0,4.5,1.5,2.4,3,40,0.5,1,12,0
EMP00478,31,Male,Engineering,3,2.1,127400,1.134,4,3.1,2.8,4.1,0.6,4,20,8.9,2,14,0
EMP00479,27,Male,Engineering,3,2.5,112200,1.178,3,6.4,7.2,1.8,3.9,2,20,0.5,3,13,0
EMP00480,29,Female,Engineering,2,1.5,81900,0.995,3,6.4,3.8,3.9,7.4,4,10,0.5,4,1,0
EMP00481,32,Female,Finance,1,1.1,47500,0.728,5,8.7,6.4,0.1,5.5,3,80,7.0,5,17,0
EMP00482,33,Female,Operations,2,3.3,87400,1.09,4,6.5,2.7,7.0,1.0,3,40,20.0,1,10,0
EMP00483,22,Male,Engineering,2,1.6,67700,0.72,4,5.7,3.1,7.7,1.3,4,0,5.2,7,9,0
EMP00484,31,Female,Operations,2,1.7,65900,1.006,4,8.4,2.7,3.6,4.1,2,40,0.5,1,29,0
EMP00485,30,Male,Operations,5,5.3,208700,0.872,4,6.7,4.0,5.3,2.3,4,60,1.0,8,1,0
EMP00486,40,Male,R&D,1,17.3,66400,0.778,2,5.1,2.8,4.7,2.0,3,40,14.3,5,4,0
EMP00487,30,Female,Marketing,3,4.6,105000,0.872,4,8.6,6.1,6.4,6.5,3,40,6.6,3,2,0
EMP00488,26,Female,Finance,2,0.4,61700,0.832,4,6.8,3.3,10.3,1.9,4,10,3.3,4,1,0
EMP00489,32,Non-binary,Engineering,2,0.4,86400,1.176,4,6.5,4.4,7.5,1.8,3,40,1.1,1,5,0
EMP00490,38,Male,Engineering,3,15.1,148900,1.069,5,6.8,3.8,9.6,0.1,4,40,0.5,1,67,0
EMP00491,22,Male,Finance,3,1.8,78600,0.72,3,4.6,2.4,3.9,0.2,3,40,0.5,1,5,0
EMP00492,24,Male,Engineering,5,0.5,231400,1.077,3,5.6,3.8,2.2,0.0,4,60,3.8,1,16,0
EMP00493,31,Male,Engineering,1,4.6,53200,0.792,5,6.5,4.3,7.4,6.1,3,20,0.5,3,2,0
EMP00494,36,Female,Finance,1,4.9,67500,1.227,4,6.1,5.3,3.5,1.3,2,20,20.0,1,14,0
EMP00495,33,Female,Engineering,3,5.2,108300,0.994,4,8.8,5.5,11.6,1.6,3,60,0.8,5,62,0
EMP00496,23,Female,Operations,2,1.6,77500,1.097,3,6.9,3.9,1.4,4.7,2,40,5.0,2,5,0
EMP00497,39,Male,Marketing,2,0.3,73500,1.012,3,8.0,4.9,2.6,2.3,3,0,0.7,3,28,0
EMP00498,41,Female,Operations,1,16.8,84900,1.018,4,6.5,2.9,0.0,2.4,2,20,3.1,3,80,0
EMP00499,33,Male,Operations,1,1.4,47400,0.827,3,8.4,4.8,1.2,0.9,1,60,0.5,2,13,0
EMP00500,30,Female,Operations,4,5.6,167800,0.822,4,7.2,8.3,0.2,4.5,2,0,5.8,1,6,0
EMP00501,34,Male,Operations,1,6.1,71200,1.12,5,6.5,2.6,2.2,0.5,3,0,3.5,2,17,0
EMP00502,34,Male,Engineering,2,4.7,89900,1.08,4,6.5,3.7,9.7,0.1,3,20,0.5,4,28,0
EMP00503,34,Male,Operations,1,1.9,78800,1.361,3,4.8,2.4,0.7,0.5,3,60,7.6,3,3,0
EMP00504,33,Female,Sales,2,1.6,71700,0.984,4,7.4,4.4,3.6,0.8,2,60,3.2,2,9,0
EMP00505,34,Male,Sales,1,4.6,68100,1.131,3,6.4,3.6,7.3,0.8,3,40,10.2,4,6,0
EMP00506,33,Male,Sales,2,10.1,87300,0.851,3,5.6,4.1,3.0,2.8,4,40,9.9,1,5,0
EMP00507,35,Female,R&D,1,14.7,82700,1.123,2,8.5,2.4,2.1,0.6,3,20,10.1,3,30,0
EMP00508,28,Male,Marketing,3,0.6,101000,1.079,3,4.2,4.6,0.2,2.8,4,20,0.5,2,8,0
EMP00509,31,Male,Sales,1,0.8,52800,1.035,5,5.7,4.8,6.9,0.2,3,60,0.5,4,6,0
EMP00510,36,Male,Engineering,2,14.5,113600,1.201,3,8.3,3.2,0.9,0.4,4,10,17.6,6,14,0
EMP00511,37,Male,Engineering,4,6.7,146500,0.905,3,7.1,1.0,1.0,1.8,3,20,2.7,4,4,0
EMP00512,42,Female,R&D,3,10.7,97900,0.72,5,6.4,2.4,2.4,6.4,1,40,1.1,2,4,1
EMP00513,22,Female,Sales,2,1.1,71100,1.058,2,7.0,4.1,3.5,4.9,4,10,5.9,1,11,0
EMP00514,25,Male,Operations,2,4.4,88300,1.108,4,6.8,9.1,0.1,8.7,4,40,1.2,4,8,0
EMP00515,30,Non-binary,R&D,2,6.0,101000,1.173,3,3.8,3.4,2.6,2.6,2,40,5.2,2,5,0
EMP00516,32,Male,Engineering,3,5.7,112000,1.195,2,5.9,1.0,8.1,2.8,3,40,7.3,1,1,0
EMP00517,25,Male,Engineering,5,2.6,251800,1.294,5,9.4,4.9,7.9,2.5,3,20,6.1,4,11,0
EMP00518,33,Male,R&D,3,0.3,83100,0.884,3,5.3,3.3,0.4,2.4,3,20,1.3,2,25,0
EMP00519,32,Male,Engineering,2,4.4,76100,1.002,4,5.9,4.3,3.8,0.4,4,40,2.1,1,29,0
EMP00520,27,Male,Operations,3,1.5,98600,0.936,3,5.5,1.2,3.3,2.0,2,80,2.1,6,4,0
EMP00521,22,Female,Sales,2,3.0,77800,0.989,2,6.3,3.9,3.2,1.2,3,20,2.7,2,14,0
EMP00522,32,Female,R&D,1,15.8,71500,1.02,2,5.5,2.3,5.8,1.5,2,80,0.7,2,29,0
EMP00523,29,Male,R&D,2,2.5,86300,1.045,3,7.4,2.8,7.1,1.9,3,40,2.4,4,8,0
EMP00524,23,Female,Engineering,5,9.2,219000,0.767,2,6.9,5.0,6.0,0.3,1,60,2.9,5,40,0
EMP00525,32,Female,HR,1,1.0,57100,0.862,4,7.9,6.5,5.2,1.1,4,10,3.0,1,35,1
EMP00526,30,Female,R&D,3,5.6,109400,1.18,4,4.6,4.5,4.1,0.2,3,20,6.9,3,4,0
EMP00527,57,Female,Engineering,1,18.9,64700,0.784,3,5.9,4.9,6.8,9.7,4,10,2.9,4,4,0
EMP00528,38,Male,Engineering,2,0.5,74500,1.0,4,6.1,3.1,4.5,0.3,2,20,1.0,1,3,0
EMP00529,25,Female,Engineering,1,0.3,54200,0.964,5,7.3,6.0,5.5,0.7,2,80,4.4,2,3,0
EMP00530,28,Female,HR,2,2.8,77000,1.006,5,5.1,3.9,3.3,5.5,3,10,6.4,1,36,0
EMP00531,31,Female,Engineering,3,0.5,101300,0.99,4,8.1,5.5,1.7,1.6,3,40,1.5,4,40,0
EMP00532,40,Male,Finance,2,6.9,85200,0.971,5,8.6,4.5,1.4,0.4,4,0,4.1,5,1,0
EMP00533,28,Male,R&D,3,12.3,115000,0.959,3,4.7,2.2,6.8,1.2,3,40,0.6,1,14,0
EMP00534,22,Male,R&D,3,2.8,125500,1.293,3,5.6,3.8,0.1,0.3,2,10,1.7,4,12,0
EMP00535,24,Male,R&D,4,1.5,122100,0.883,4,5.5,8.0,3.6,0.6,2,10,9.6,4,7,0
EMP00536,31,Male,Engineering,1,2.8,52200,0.873,4,10.0,7.0,10.4,0.1,2,20,9.7,2,15,0
EMP00537,34,Female,Engineering,2,6.4,123400,1.358,4,5.7,2.6,6.4,1.4,4,40,3.4,3,44,0
EMP00538,32,Male,R&D,1,0.3,47800,0.793,4,9.5,4.7,15.0,4.1,2,10,4.8,1,3,1
EMP00539,24,Female,Marketing,5,4.5,178900,0.855,5,4.2,1.8,3.5,2.2,4,20,7.7,6,2,0
EMP00540,22,Male,Sales,4,4.8,168600,1.059,4,4.7,7.0,1.6,2.3,3,0,12.7,3,1,0
EMP00541,34,Female,Sales,2,5.1,61200,0.72,4,5.3,2.7,8.3,0.6,2,80,2.7,3,7,0
EMP00542,23,Male,Sales,3,1.4,99200,0.856,4,5.0,4.9,7.1,1.1,2,40,3.3,3,6,0
EMP00543,22,Male,Operations,2,6.3,112800,1.329,3,6.0,3.2,1.8,4.7,4,40,2.1,3,8,0
EMP00544,27,Female,Marketing,3,0.5,81300,0.822,3,5.2,3.9,1.1,0.2,4,40,0.5,5,10,0
EMP00545,31,Female,Operations,1,1.1,42500,0.74,3,5.0,4.7,0.9,4.9,3,10,2.2,3,21,0
EMP00546,34,Non-binary,Sales,3,10.5,96400,0.879,4,8.6,4.6,7.6,1.7,2,40,6.3,6,7,1
EMP00547,29,Male,Engineering,1,6.7,69900,1.129,1,8.7,4.5,2.8,4.5,1,10,6.5,3,6,0
EMP00548,25,Male,Operations,3,0.3,117700,1.085,4,8.2,8.3,3.0,1.0,3,20,8.9,1,26,0
EMP00549,25,Female,Operations,3,1.4,95400,0.868,3,7.4,6.6,5.0,1.0,1,40,0.5,6,28,0
EMP00550,22,Male,Sales,3,1.2,112400,1.125,4,6.7,5.8,2.8,3.5,2,40,3.0,3,4,0
EMP00551,24,Female,Marketing,1,1.6,68700,1.181,2,5.6,5.1,0.7,3.8,3,10,0.5,3,6,0
EMP00552,30,Male,Marketing,2,1.4,98800,1.388,3,4.8,3.9,3.3,0.7,2,0,0.9,8,26,0
EMP00553,28,Male,Sales,2,0.3,72800,0.899,5,7.2,8.3,8.1,9.0,2,40,9.2,1,1,0
EMP00554,29,Male,Operations,2,3.1,57400,0.722,4,4.4,2.9,6.9,0.2,4,40,2.7,2,6,1
EMP00555,26,Male,Engineering,1,6.6,54900,0.896,5,4.7,4.1,0.1,0.2,3,10,5.7,1,9,0
EMP00556,29,Female,Engineering,4,4.7,143000,0.96,5,8.6,3.0,6.1,2.3,4,10,0.5,3,3,0
EMP00557,22,Female,Sales,2,5.6,79600,0.951,3,9.9,5.0,13.5,3.2,2,60,2.2,4,3,0
EMP00558,27,Male,Operations,2,0.4,73600,1.017,3,7.2,2.5,2.9,8.1,3,40,4.5,7,8,0
EMP00559,45,Female,Operations,2,15.1,111600,1.046,5,8.5,7.8,0.3,1.3,2,80,0.6,2,21,0
EMP00560,26,Male,R&D,2,9.1,104300,1.205,5,6.1,1.0,1.7,0.1,3,20,1.6,4,28,0
EMP00561,30,Male,R&D,3,8.2,112000,0.809,4,4.1,1.9,0.8,2.3,2,20,0.5,6,58,1
EMP00562,35,Male,Operations,2,8.7,101200,0.978,4,7.6,1.0,0.9,0.9,1,20,4.2,3,1,0
EMP00563,43,Female,Operations,4,13.5,183000,1.102,4,7.5,3.4,2.1,1.4,4,40,14.1,1,4,0
EMP00564,27,Female,Engineering,2,3.9,81000,0.988,3,6.6,3.4,6.1,1.7,3,10,7.0,3,21,0
EMP00565,23,Female,Operations,5,1.1,231600,1.207,4,6.1,6.5,4.1,0.2,4,10,14.7,7,12,0
EMP00566,22,Female,Sales,4,4.8,153600,1.025,4,8.2,6.0,6.6,1.7,3,10,7.5,8,6,0
EMP00567,32,Female,Operations,1,6.8,82300,1.065,4,4.7,1.6,2.3,1.4,3,40,7.7,3,3,0
EMP00568,42,Female,Engineering,4,6.7,128300,0.824,2,5.1,5.2,4.9,3.1,3,20,3.4,5,5,0
EMP00569,30,Female,Engineering,1,3.7,54600,0.886,3,4.7,3.1,11.1,2.6,4,40,2.9,1,8,0
EMP00570,26,Female,Sales,3,0.4,99000,0.93,3,6.7,4.4,3.1,0.5,3,60,2.1,1,3,0
EMP00571,29,Male,Operations,2,2.3,83100,1.166,3,4.5,1.0,0.9,0.6,4,40,6.8,7,50,0
EMP00572,36,Male,Finance,4,12.7,205400,1.249,5,5.3,1.7,0.8,0.7,1,20,0.8,1,2,0
EMP00573,25,Male,Operations,4,4.4,150600,1.106,2,5.2,1.9,2.8,0.5,4,80,0.5,1,64,0
EMP00574,33,Male,Sales,3,3.9,87700,0.883,3,6.0,4.0,6.8,2.7,3,20,11.8,2,28,0
EMP00575,28,Female,Engineering,3,1.6,115800,1.4,3,3.8,2.6,2.5,10.0,2,10,0.5,3,8,0
EMP00576,28,Male,Sales,2,2.3,86800,1.043,4,6.7,7.1,5.8,2.6,3,80,15.1,3,20,0
EMP00577,30,Female,Sales,1,11.3,50400,0.72,4,8.7,6.3,11.9,2.3,3,0,5.2,2,17,0
EMP00578,37,Male,Engineering,2,5.5,82400,0.966,3,6.7,1.0,3.6,1.3,2,40,1.6,6,4,0
EMP00579,35,Male,R&D,1,7.7,50100,0.897,3,9.3,6.5,0.2,0.9,2,20,4.8,6,6,0
EMP00580,26,Male,Engineering,3,3.0,96000,0.96,3,8.9,3.2,2.1,6.0,3,40,6.8,2,11,0
EMP00581,35,Female,Finance,2,5.0,72000,0.905,4,7.9,3.4,8.2,8.7,3,40,1.1,2,15,0
EMP00582,25,Male,R&D,5,1.4,229600,1.233,3,6.6,2.8,6.0,1.7,3,20,5.9,4,12,0
EMP00583,27,Male,Engineering,3,6.1,112800,0.913,5,6.5,3.0,1.6,0.9,2,40,6.5,3,10,0
EMP00584,24,Female,Finance,3,2.8,87700,0.762,4,7.9,2.7,0.5,3.7,1,40,1.1,2,9,0
EMP00585,22,Female,Operations,1,2.9,65500,1.257,2,5.8,4.1,1.8,0.4,4,20,0.5,2,10,0
EMP00586,33,Male,R&D,4,5.2,125300,0.747,4,3.1,1.0,1.3,3.6,4,20,0.9,2,9,1
EMP00587,28,Male,Engineering,4,13.8,183000,0.861,3,7.4,5.5,3.6,4.3,3,20,0.9,1,12,0
EMP00588,22,Male,Engineering,2,0.3,67300,0.737,4,4.5,7.0,13.5,0.3,3,60,0.5,2,33,1
EMP00589,23,Female,Engineering,3,8.7,109900,0.72,3,4.8,1.0,3.2,9.4,3,40,5.2,3,15,1
EMP00590,27,Male,Engineering,3,1.7,110600,1.167,4,6.5,3.7,5.5,10.0,2,60,1.9,4,19,0
EMP00591,28,Male,Operations,1,2.9,62300,0.803,4,6.3,1.0,6.8,6.9,2,10,8.6,4,14,0
EMP00592,25,Male,Finance,2,0.3,90900,1.247,5,4.0,2.1,0.1,1.7,4,10,1.2,2,15,0
EMP00593,22,Male,Engineering,2,1.8,76500,1.041,3,6.8,5.6,9.5,0.7,3,10,2.4,4,13,0
EMP00594,23,Female,Engineering,1,3.5,61000,0.997,3,8.2,6.6,3.7,2.2,4,10,4.1,1,1,0
EMP00595,29,Male,R&D,2,0.3,70900,0.995,4,4.5,3.1,8.5,1.4,4,40,8.4,2,80,1
EMP00596,26,Male,Marketing,1,3.4,59900,0.974,5,8.8,7.3,0.7,0.6,3,80,3.0,4,1,0
EMP00597,38,Male,Marketing,1,13.1,72300,1.164,5,3.7,7.0,0.1,1.4,1,20,1.9,3,8,0
EMP00598,22,Male,Engineering,1,0.6,54800,1.007,2,10.0,9.6,3.1,2.7,2,80,8.1,2,2,0
EMP00599,33,Male,Sales,5,7.2,175500,0.72,3,5.8,2.8,4.7,0.2,2,0,1.5,3,2,0
EMP00600,35,Female,R&D,2,2.6,82200,1.043,4,6.8,1.8,1.2,1.0,2,60,0.5,6,24,0
EMP00601,33,Female,R&D,5,5.3,230600,1.018,3,3.1,1.3,9.5,0.0,3,10,2.4,3,8,0
EMP00602,25,Female,Operations,2,1.5,70000,0.862,3,6.4,2.5,5.2,3.5,2,60,6.2,4,24,0
EMP00603,28,Female,HR,2,0.9,63700,0.741,3,6.9,5.3,3.3,2.6,2,10,0.5,8,5,1
EMP00604,26,Female,Sales,2,0.9,93700,1.4,4,6.3,2.0,2.5,0.2,3,60,3.5,4,4,0
EMP00605,26,Male,Finance,2,0.4,80900,1.009,5,5.5,3.4,4.0,8.4,3,20,3.6,3,4,0
EMP00606,25,Female,Engineering,1,1.0,54200,0.99,5,4.8,4.6,8.3,0.1,3,20,10.6,1,14,0
EMP00607,30,Female,Operations,3,5.5,93700,0.822,3,8.5,5.3,1.7,2.2,3,20,1.4,2,25,0
EMP00608,36,Female,Sales,1,10.7,58500,0.774,4,6.6,2.6,8.0,3.7,3,20,1.3,3,9,0
EMP00609,28,Male,Finance,3,8.4,138100,1.313,5,9.3,8.2,0.5,3.9,4,40,2.3,4,7,0
EMP00610,26,Male,Operations,3,5.8,112600,1.105,3,5.6,1.0,0.9,0.1,2,80,1.8,2,55,0
EMP00611,22,Female,Engineering,1,0.6,51500,1.122,4,5.7,3.1,1.3,5.9,2,40,5.3,7,2,0
EMP00612,22,Female,R&D,1,1.7,60900,1.128,4,8.0,5.1,4.8,6.3,4,40,4.1,2,10,0
EMP00613,22,Non-binary,HR,3,1.9,92300,0.776,3,3.6,2.4,2.9,2.1,3,10,5.7,4,8,0
EMP00614,28,Male,Sales,2,1.4,94900,1.242,4,4.3,3.1,3.1,1.6,4,40,6.9,2,2,0
EMP00615,24,Male,R&D,1,3.6,70800,1.364,2,8.5,6.6,0.5,0.1,2,20,10.3,2,5,0
EMP00616,32,Male,Marketing,5,3.8,200200,0.97,4,4.4,2.8,0.1,2.1,4,60,2.3,4,1,0
EMP00617,28,Female,Marketing,1,2.2,52400,1.055,3,3.2,1.4,0.5,1.3,4,20,16.7,2,31,0
EMP00618,22,Male,Engineering,3,2.2,72100,0.77,3,9.9,5.7,3.4,3.7,3,40,1.0,1,14,0
EMP00619,36,Male,R&D,5,8.8,188300,0.759,3,4.0,1.5,0.9,1.3,2,20,5.0,3,25,0
EMP00620,36,Non-binary,HR,1,7.8,52000,0.907,5,6.8,5.8,0.9,2.9,4,20,3.1,3,11,0
EMP00621,22,Male,R&D,1,1.8,57900,0.906,4,6.6,3.1,6.3,0.3,4,20,6.8,4,14,0
EMP00622,38,Female,R&D,1,12.3,64200,0.925,4,1.4,2.4,2.2,0.4,4,20,2.6,7,18,1
EMP00623,34,Male,Sales,2,15.3,79200,0.783,4,6.0,3.9,13.3,0.4,1,20,6.1,1,36,0
EMP00624,28,Female,Finance,1,2.0,54800,0.981,4,7.3,3.8,0.1,0.1,4,0,10.6,3,1,0
EMP00625,22,Female,Engineering,3,2.2,111600,0.985,3,7.1,5.7,2.4,1.9,2,60,5.3,3,6,0
EMP00626,22,Female,Engineering,1,3.5,62900,0.982,4,8.1,4.0,2.2,3.9,2,10,6.0,8,19,0
EMP00627,35,Female,Sales,2,14.2,72200,0.72,3,5.8,4.9,0.7,2.4,3,60,0.5,6,48,1
EMP00628,34,Male,Sales,5,10.5,233600,0.897,3,7.8,5.5,3.0,2.1,3,10,0.9,4,59,0
EMP00629,24,Male,Engineering,3,0.5,83100,0.84,4,5.3,2.4,14.5,2.9,2,10,14.6,3,15,0
EMP00630,22,Male,Engineering,3,2.5,118600,1.065,3,4.0,3.6,10.8,1.0,3,40,4.7,1,3,0
EMP00631,27,Female,Operations,2,4.0,89700,1.137,3,4.2,3.7,0.2,1.1,2,40,3.3,2,2,0
EMP00632,30,Female,R&D,3,3.5,93700,0.87,4,3.9,4.6,1.3,0.9,3,20,1.8,3,44,0
EMP00633,27,Male,Sales,2,1.1,68700,0.919,4,8.3,7.1,20.2,3.1,3,40,0.5,4,9,0
EMP00634,35,Female,Operations,2,9.8,82700,0.95,4,3.8,3.4,0.3,0.4,2,20,1.8,3,3,0
EMP00635,27,Male,Sales,1,5.6,44200,0.767,4,7.0,2.5,5.1,0.0,3,40,2.8,4,41,1
EMP00636,39,Female,Finance,4,9.1,170800,0.97,4,6.0,8.3,10.8,2.3,3,40,1.0,2,2,0
EMP00637,28,Female,Operations,2,9.8,84900,0.817,4,6.3,1.6,11.5,7.1,3,20,0.8,4,20,1
EMP00638,34,Male,Engineering,1,6.9,70800,0.994,3,9.0,7.6,6.6,2.4,3,60,2.8,1,15,0
EMP00639,34,Male,Engineering,2,2.9,67700,0.962,3,5.7,4.5,3.8,3.8,3,40,3.5,1,1,0
EMP00640,32,Male,Operations,2,4.7,74600,0.792,4,7.6,2.8,0.7,2.8,1,20,1.1,1,6,0
EMP00641,26,Female,Finance,3,0.9,82300,0.833,3,6.6,4.1,6.6,1.7,4,60,3.5,5,2,1
EMP00642,28,Male,Engineering,3,5.6,95600,0.802,5,6.2,3.9,9.4,3.2,3,60,9.2,1,14,0
EMP00643,32,Male,Operations,3,1.0,86300,0.925,4,10.0,8.9,2.8,4.3,3,40,2.6,4,10,0
EMP00644,24,Male,Sales,1,5.9,69900,1.109,3,3.9,1.3,6.6,0.6,3,20,7.8,1,1,0
EMP00645,22,Male,Sales,2,1.3,69600,0.874,1,8.8,5.2,7.5,1.0,3,60,10.5,2,56,0
EMP00646,24,Male,Engineering,2,0.6,77100,1.177,2,7.7,1.0,3.5,0.6,3,10,0.5,6,6,0
EMP00647,33,Female,Engineering,1,0.9,53000,0.889,3,5.6,6.8,8.4,1.5,3,0,0.5,3,4,0
EMP00648,28,Male,Sales,2,0.3,63100,0.731,3,9.4,4.2,6.0,5.4,3,20,2.6,1,4,1
EMP00649,26,Female,Sales,3,6.3,108700,0.972,4,3.2,2.7,3.0,1.1,3,40,3.5,2,3,1
EMP00650,30,Female,Engineering,1,6.6,66900,0.927,5,5.6,3.5,1.3,1.2,2,60,2.2,6,80,0
EMP00651,26,Male,Sales,2,3.6,67400,0.849,4,4.3,2.6,4.2,4.9,3,40,1.6,2,5,1
EMP00652,23,Male,Operations,1,0.9,62600,1.025,3,7.2,6.1,1.9,1.8,4,80,4.1,3,8,0
EMP00653,31,Female,Sales,1,0.4,49200,1.107,3,4.5,5.9,4.8,1.9,2,10,0.5,2,31,0
EMP00654,22,Female,Sales,1,0.3,51700,0.733,4,7.3,5.2,15.0,4.9,1,10,13.8,2,15,1
EMP00655,35,Male,Operations,5,0.9,218900,0.924,4,6.2,5.2,3.6,1.7,2,40,1.1,1,7,0
EMP00656,39,Male,Operations,3,11.1,109300,0.904,4,5.6,4.2,8.3,2.9,4,80,10.0,3,34,0
EMP00657,33,Male,Sales,5,1.4,206100,1.218,5,7.2,6.5,1.0,0.2,4,40,0.5,4,21,0
EMP00658,25,Female,R&D,2,2.2,74600,0.922,4,6.0,3.1,3.1,0.5,3,10,1.1,2,4,0
EMP00659,26,Male,Operations,1,0.6,56600,1.173,4,4.5,4.9,0.8,1.3,4,20,1.1,4,15,0
EMP00660,22,Male,Sales,2,1.3,55000,0.72,3,10.0,8.5,8.0,1.7,3,20,20.0,5,38,0
EMP00661,26,Female,R&D,2,3.7,61900,0.732,4,5.6,5.6,0.3,8.4,4,20,0.5,6,10,0
EMP00662,32,Female,Engineering,3,4.7,118200,1.177,3,2.5,1.0,4.8,8.8,3,0,4.1,1,20,0
EMP00663,34,Male,R&D,1,1.4,65200,1.028,4,5.0,2.9,4.7,4.8,2,60,8.2,2,53,0
EMP00664,22,Male,HR,2,0.3,66400,0.811,4,4.2,3.2,1.3,0.9,3,40,4.5,5,18,0
EMP00665,26,Female,Operations,1,2.5,55500,0.868,3,8.0,2.7,9.2,8.3,3,40,1.8,1,2,0
EMP00666,26,Male,Operations,2,1.3,80000,1.036,2,7.1,7.5,5.7,2.9,3,10,12.7,1,4,0
EMP00667,22,Male,Engineering,3,1.2,112600,1.264,1,7.2,4.7,4.0,1.2,3,10,9.0,5,14,0
EMP00668,42,Female,Engineering,2,16.1,72800,0.72,2,5.8,4.3,4.6,3.0,3,40,2.3,2,5,0
EMP00669,26,Male,Engineering,2,4.8,72000,0.892,1,6.0,2.9,4.5,0.0,3,60,3.4,2,47,0
EMP00670,28,Female,Operations,2,4.1,76900,1.081,3,5.8,1.4,1.0,0.4,2,40,13.7,2,8,0
EMP00671,26,Female,Marketing,2,2.7,86800,0.954,3,6.4,3.1,6.6,4.4,4,60,16.2,5,9,0
EMP00672,24,Male,Operations,3,2.8,149000,1.138,3,8.0,5.6,10.2,2.6,4,60,2.4,2,18,0
EMP00673,29,Male,Operations,4,3.9,145100,0.958,5,7.1,5.8,0.2,1.1,4,10,7.5,5,11,0
EMP00674,30,Female,Sales,5,6.0,182000,0.72,3,7.4,5.1,3.8,1.7,4,20,1.4,3,7,0
EMP00675,29,Female,Finance,3,6.1,117400,1.026,3,7.4,5.4,2.4,5.9,3,40,1.9,3,1,0
EMP00676,23,Female,Sales,2,0.9,91700,1.245,4,8.1,4.7,6.9,2.5,3,20,0.7,2,14,0
EMP00677,30,Female,Engineering,3,3.5,107900,1.067,5,7.0,5.4,4.8,1.3,2,20,0.9,1,30,0
EMP00678,36,Male,Engineering,2,2.7,69300,0.74,4,7.1,7.3,1.6,0.3,2,20,4.3,3,17,0
EMP00679,35,Female,Sales,2,10.2,101500,1.195,3,8.6,6.9,3.6,0.9,3,20,2.9,2,7,0
EMP00680,35,Male,Sales,3,5.0,119600,1.001,4,5.3,4.9,11.8,9.6,4,60,1.1,6,2,0
EMP00681,22,Male,Engineering,1,3.8,50900,0.903,4,5.0,3.8,4.9,1.4,2,10,2.1,2,25,0
EMP00682,27,Male,Engineering,4,0.6,149300,1.102,4,4.4,1.0,0.6,1.6,4,20,1.9,3,43,0
EMP00683,24,Male,Operations,2,4.7,93500,1.019,4,6.8,2.5,5.0,1.7,3,40,17.5,2,7,0
EMP00684,22,Female,Operations,3,0.6,119300,1.223,5,3.2,2.9,3.4,5.4,4,40,7.7,4,20,0
EMP00685,24,Male,Sales,3,2.1,102800,1.023,5,7.3,4.7,6.8,2.3,2,40,2.0,2,8,0
EMP00686,33,Male,Finance,4,0.8,135100,0.847,4,6.3,4.9,1.8,3.0,3,60,9.8,2,10,1
EMP00687,35,Male,Sales,3,5.9,131400,0.991,4,8.5,8.5,18.0,1.2,3,40,1.7,5,27,0
EMP00688,28,Female,Sales,3,1.2,86200,0.787,4,5.3,4.8,9.3,0.1,3,40,4.4,3,1,1
EMP00689,22,Female,HR,1,2.5,61100,1.124,4,6.1,6.2,1.7,6.7,3,20,13.6,3,11,0
EMP00690,34,Male,Sales,2,11.3,74500,0.837,1,8.5,5.7,5.7,7.4,2,20,2.0,3,4,0
EMP00691,28,Male,HR,1,1.1,65100,1.146,5,9.0,4.4,8.1,7.4,2,40,4.6,4,6,0
EMP00692,30,Male,Sales,3,3.5,102500,0.922,3,5.3,3.3,5.6,7.2,2,60,1.4,2,16,1
EMP00693,22,Female,Engineering,2,2.7,93900,1.305,4,6.8,3.0,11.7,4.2,3,80,1.2,1,1,0
EMP00694,22,Female,Operations,3,0.3,107700,0.995,5,7.0,7.4,4.8,2.9,3,40,3.4,4,14,0
EMP00695,32,Male,Finance,1,7.9,52900,0.812,3,7.2,6.1,2.8,4.7,3,40,15.5,1,5,0
EMP00696,29,Female,Operations,1,0.4,67600,1.4,4,6.0,4.8,0.4,2.3,2,0,2.4,4,17,0
EMP00697,22,Male,Operations,3,3.2,131400,1.347,3,8.8,7.9,1.0,0.4,4,10,11.1,1,2,0
EMP00698,28,Female,Sales,1,4.1,66800,1.172,3,3.1,1.0,16.5,1.2,3,10,9.8,2,20,0
EMP00699,31,Male,Sales,1,5.0,53900,0.889,3,5.7,4.8,1.9,8.9,1,10,1.2,1,16,0
EMP00700,35,Male,Operations,1,5.8,58200,0.777,3,7.3,2.4,0.3,1.1,3,20,2.1,3,53,0
EMP00701,31,Male,Sales,5,1.5,209600,0.991,3,7.3,4.7,3.9,5.1,2,20,4.1,3,36,0
EMP00702,29,Male,Marketing,3,0.3,91100,0.984,5,8.9,5.2,4.0,0.2,4,40,2.9,1,5,0
EMP00703,27,Female,Sales,2,6.4,106000,1.212,5,8.7,6.8,3.0,1.0,4,40,0.5,2,1,0
EMP00704,22,Male,Engineering,2,3.8,81800,1.043,3,6.0,4.3,10.2,1.1,4,40,20.0,6,16,0
EMP00705,31,Female,Operations,2,9.0,59700,0.72,4,8.8,8.1,1.9,0.1,2,20,5.6,2,14,0
EMP00706,38,Female,Engineering,3,8.6,121100,0.961,2,5.2,2.3,1.0,0.3,3,20,2.3,4,1,0
EMP00707,40,Male,Sales,3,9.3,111200,0.818,2,8.2,6.6,12.4,0.5,1,80,3.9,6,2,1
EMP00708,32,Male,Sales,1,3.3,57700,0.98,3,9.8,6.7,6.8,4.5,3,10,0.5,7,13,0
EMP00709,30,Male,Engineering,1,2.0,54100,0.8,5,8.7,2.7,6.0,0.2,3,60,2.7,5,36,0
EMP00710,34,Female,Engineering,1,7.8,70200,0.995,5,6.7,2.7,6.8,0.9,2,20,10.7,2,36,0
EMP00711,26,Male,Marketing,3,3.0,123300,1.241,3,5.9,3.6,3.2,0.0,4,40,9.1,7,2,0
EMP00712,26,Male,Engineering,3,1.0,105900,0.831,3,3.7,4.4,7.0,3.0,3,10,1.6,4,7,0
EMP00713,42,Male,Sales,2,9.7,84000,0.893,3,7.1,5.4,5.1,2.4,4,10,3.0,5,1,0
EMP00714,30,Female,R&D,1,10.7,65200,1.043,4,4.5,1.0,1.8,2.6,3,20,4.8,1,10,0
EMP00715,37,Male,Operations,1,3.1,58200,0.84,4,5.1,3.1,1.2,1.2,4,40,1.7,7,21,0
EMP00716,25,Male,Operations,5,0.4,180000,0.725,3,4.4,6.5,5.7,0.6,4,20,0.5,4,23,1
EMP00717,35,Male,Sales,2,2.5,85000,1.078,4,5.7,3.9,5.4,3.2,4,40,2.8,4,10,0
EMP00718,25,Female,Engineering,3,8.1,122200,1.091,3,6.4,3.6,7.8,4.2,4,20,3.7,1,2,0
EMP00719,38,Female,Marketing,3,11.6,150000,1.216,5,7.0,5.4,0.3,0.4,4,20,0.5,1,7,0
EMP00720,23,Male,Marketing,2,1.1,91200,1.105,4,5.4,4.9,0.5,1.7,3,60,0.5,7,40,0
EMP00721,22,Female,Operations,1,0.3,50200,0.798,4,8.4,4.6,11.4,0.7,2,60,0.9,3,4,0
EMP00722,35,Female,R&D,1,10.5,73400,1.024,4,6.1,4.9,2.7,0.5,3,40,1.7,2,6,0
EMP00723,33,Female,Engineering,3,2.5,91500,0.859,4,5.1,2.7,2.3,3.3,4,20,3.1,5,21,0
EMP00724,25,Female,Marketing,3,3.9,118000,0.936,3,6.9,5.8,2.2,1.9,4,10,1.4,1,20,0
EMP00725,32,Male,Marketing,3,17.2,121800,0.912,3,10.0,6.8,0.7,0.6,3,80,1.3,2,36,0
EMP00726,26,Male,Engineering,2,0.3,65300,0.78,5,7.1,5.5,14.8,0.9,2,20,8.1,2,7,1
EMP00727,30,Female,Sales,1,5.2,62600,1.051,3,5.8,2.4,0.8,8.5,3,60,0.6,2,11,0
EMP00728,29,Male,Marketing,5,0.4,138500,0.72,2,3.8,1.0,2.6,4.7,4,20,2.7,2,9,0
EMP00729,33,Female,Sales,3,2.4,81600,0.784,4,6.1,5.7,9.9,5.3,2,80,12.2,1,39,1
EMP00730,32,Male,Engineering,2,8.1,83800,0.954,4,6.9,4.3,12.7,1.5,2,20,3.9,1,22,0
EMP00731,38,Female,Sales,5,2.8,212500,1.039,4,5.8,4.3,8.4,2.4,3,20,5.1,3,27,0
EMP00732,51,Female,Marketing,3,29.4,145200,0.771,5,3.5,1.7,0.4,1.2,2,40,2.3,6,2,0
EMP00733,28,Male,Engineering,2,4.1,64600,0.85,4,5.0,4.9,3.0,0.2,1,80,0.5,3,24,0
EMP00734,22,Male,Sales,3,1.9,92200,0.953,3,9.1,4.8,4.6,1.3,3,80,4.2,2,9,0
EMP00735,26,Female,R&D,3,1.2,107900,0.85,4,9.1,5.7,0.7,2.3,4,40,4.0,1,1,0
EMP00736,26,Female,Finance,3,2.2,112800,0.976,4,4.9,4.6,0.1,0.8,1,40,0.5,5,1,0
EMP00737,33,Male,Sales,1,2.3,57100,1.254,2,7.7,7.1,4.7,4.7,3,40,2.5,7,17,0
EMP00738,29,Female,Sales,2,0.4,88800,1.242,3,4.4,1.9,13.6,0.4,3,40,9.9,2,7,0
EMP00739,22,Male,Operations,4,2.3,154100,1.256,1,9.0,9.4,1.9,1.1,4,60,0.9,2,30,0
EMP00740,29,Male,Sales,1,3.1,52300,0.979,4,6.9,5.0,16.6,0.3,3,20,2.5,3,20,0
EMP00741,34,Female,Finance,2,6.4,80400,1.286,5,8.2,3.5,3.8,1.3,3,40,2.5,4,1,0
EMP00742,38,Female,Engineering,2,5.3,67500,0.817,4,3.4,2.9,7.9,0.1,4,40,6.7,2,17,1
EMP00743,35,Female,Engineering,2,6.2,82100,1.08,5,7.7,4.3,2.6,0.8,1,40,7.0,3,3,1
EMP00744,30,Female,Operations,3,0.3,117500,1.16,2,6.5,5.0,3.4,1.3,4,60,5.7,4,8,0
EMP00745,27,Male,Operations,4,1.2,157400,1.289,5,8.0,5.1,6.8,1.6,3,20,1.8,7,15,0
EMP00746,32,Female,HR,1,5.4,73400,1.183,4,8.1,5.4,0.1,2.0,2,20,0.5,1,31,0
EMP00747,35,Male,Marketing,1,3.3,55800,0.986,3,6.6,2.6,5.0,0.8,3,20,1.7,9,9,0
EMP00748,22,Male,Finance,1,0.3,66800,1.038,5,5.4,5.3,2.5,1.9,2,20,4.6,2,25,0
EMP00749,31,Male,Sales,4,8.2,156400,0.822,3,7.9,3.1,6.5,1.8,4,20,4.9,4,23,0
EMP00750,28,Male,Sales,3,7.4,139200,1.107,5,6.4,2.2,11.4,1.0,3,60,13.4,3,8,0
EMP00751,31,Male,Finance,2,4.0,80200,1.015,5,4.9,3.8,4.1,4.4,3,40,2.4,2,10,0
EMP00752,32,Male,Sales,3,0.3,111000,0.904,4,4.8,6.0,9.5,2.0,2,60,4.0,3,18,1
EMP00753,29,Male,Engineering,4,7.3,194700,1.4,4,3.8,1.8,2.7,1.0,2,10,3.1,2,1,0
EMP00754,22,Male,HR,3,4.4,105000,1.102,3,5.6,4.9,2.4,7.4,4,60,0.7,1,33,0
EMP00755,30,Female,Engineering,4,7.6,164100,1.013,4,8.5,7.5,4.7,4.7,4,40,2.5,2,22,0
EMP00756,36,Male,Operations,2,7.0,101100,0.932,3,6.8,5.9,1.2,10.0,4,0,3.1,3,4,0
EMP00757,35,Male,Marketing,3,8.1,112500,0.974,4,5.5,3.0,2.5,2.9,3,40,12.0,1,60,0
EMP00758,31,Female,Engineering,2,3.6,66400,0.836,4,7.9,3.2,6.2,1.2,2,80,1.8,6,3,0
EMP00759,25,Female,Engineering,3,0.8,136900,1.4,5,5.0,1.0,3.7,0.8,3,10,15.7,1,37,0
EMP00760,24,Female,Operations,3,5.6,103100,0.835,1,6.7,3.9,1.4,2.7,3,40,3.1,2,6,0
EMP00761,32,Male,Operations,3,4.8,111100,0.914,4,6.2,6.2,4.0,9.9,2,60,1.1,1,22,0
EMP00762,27,Female,Marketing,3,6.8,132000,1.061,5,7.9,3.1,7.4,2.5,4,0,0.9,3,9,0
EMP00763,38,Male,Engineering,1,0.9,51300,0.974,4,3.7,3.7,2.0,5.3,3,40,0.6,2,20,0
EMP00764,30,Male,Marketing,2,1.1,66400,0.928,3,5.0,1.5,3.1,1.0,2,20,2.4,2,3,0
EMP00765,32,Male,Finance,5,11.1,248600,1.137,2,3.6,2.5,0.3,1.3,3,20,0.5,1,5,0
EMP00766,28,Female,Marketing,4,6.9,122400,0.753,2,6.0,5.2,7.0,5.9,3,40,2.4,1,2,0
EMP00767,35,Male,Sales,1,11.9,64100,1.029,4,8.7,4.5,5.9,3.5,4,10,17.8,4,30,0
EMP00768,30,Male,Engineering,1,7.1,64200,1.136,4,5.6,3.9,14.0,10.0,2,40,4.4,3,5,0
EMP00769,35,Male,Operations,1,4.5,57200,0.987,5,5.6,2.9,4.7,3.7,3,0,5.7,2,18,0
EMP00770,31,Female,Finance,3,5.3,88300,0.83,3,8.1,6.5,0.9,1.5,2,20,0.5,1,26,0
EMP00771,31,Female,Operations,3,11.0,149800,1.273,3,8.4,5.9,2.3,1.9,4,40,2.6,5,35,0
EMP00772,39,Male,Sales,1,4.3,60100,0.953,4,6.3,4.2,11.7,5.8,4,20,1.3,1,2,0
EMP00773,30,Female,Sales,2,5.0,99900,1.191,4,7.7,7.8,1.7,2.0,3,20,9.0,6,34,0
EMP00774,31,Male,R&D,3,0.9,98000,0.989,5,4.6,4.2,3.4,0.7,1,60,0.8,2,3,0
EMP00775,26,Female,Sales,3,3.2,93500,0.858,4,9.0,4.6,11.9,1.4,3,60,2.5,2,20,0
EMP00776,33,Male,Sales,2,6.3,86700,1.121,4,10.0,6.3,4.5,1.8,3,60,3.5,4,20,0
EMP00777,29,Female,Sales,2,1.6,74900,0.955,4,7.4,4.7,8.2,0.3,4,40,2.9,5,1,0
EMP00778,22,Male,R&D,2,1.1,64900,0.832,5,2.7,1.9,8.1,3.4,4,60,7.1,2,4,0
EMP00779,38,Female,Engineering,2,1.9,95300,1.4,4,5.5,8.1,4.6,0.3,4,60,1.1,2,10,0
EMP00780,34,Male,Sales,2,1.4,70500,0.825,3,7.6,5.6,2.0,1.3,2,20,1.9,2,8,0
EMP00781,25,Male,Marketing,3,1.2,79000,0.841,3,5.7,1.0,1.2,4.1,4,20,6.3,6,38,0
EMP00782,23,Male,Sales,4,2.8,177100,1.181,1,8.8,4.7,5.8,1.6,3,10,3.0,3,7,0
EMP00783,37,Female,R&D,3,11.9,113100,0.798,4,7.6,1.5,5.3,4.6,4,20,2.1,1,41,0
EMP00784,29,Male,Sales,3,3.5,97600,0.826,3,5.2,2.8,8.7,1.0,3,60,0.5,1,9,1
EMP00785,29,Female,Engineering,1,1.0,43700,0.775,3,6.6,1.0,7.1,7.9,3,40,5.6,1,50,1
EMP00786,27,Male,Operations,2,0.4,96400,1.321,3,4.9,1.6,1.3,0.6,3,40,14.3,2,20,0
EMP00787,33,Female,Sales,1,6.0,50900,0.744,4,6.2,1.3,0.5,0.1,2,10,3.9,1,27,0
EMP00788,35,Female,Engineering,1,2.4,57800,0.933,3,5.5,4.3,7.2,5.1,3,10,7.8,3,2,0
EMP00789,36,Female,Engineering,3,8.6,131200,1.174,4,8.6,5.6,4.5,3.5,4,20,2.9,1,13,0
EMP00790,25,Female,Operations,5,5.4,232800,1.126,2,10.0,7.0,7.3,0.7,1,80,1.1,2,2,0
EMP00791,39,Female,Marketing,1,8.0,62400,1.187,3,3.9,2.3,3.9,10.0,2,20,0.5,3,5,0
EMP00792,35,Male,Engineering,2,1.6,60800,0.771,4,3.0,1.0,5.9,1.7,2,60,4.2,2,15,1
EMP00793,46,Female,Marketing,3,5.9,98800,0.882,3,6.1,4.9,4.1,7.5,3,10,2.7,1,19,0
EMP00794,22,Male,Operations,1,1.5,58000,0.911,3,3.8,5.9,3.0,1.8,4,40,6.1,1,1,0
EMP00795,38,Female,Engineering,2,14.0,84100,0.827,2,6.6,5.0,7.8,1.6,2,40,4.7,1,11,0
EMP00796,22,Female,Operations,3,5.1,112300,0.884,5,7.8,4.3,7.0,1.5,2,60,17.7,5,12,0
EMP00797,30,Male,R&D,3,2.0,114000,1.171,4,9.2,3.4,3.2,1.0,4,0,2.9,3,1,0
EMP00798,25,Male,Sales,1,1.6,64700,1.014,3,6.9,2.9,3.4,1.9,4,10,2.2,1,10,0
EMP00799,36,Male,Engineering,2,1.1,64400,0.884,2,6.2,4.8,1.9,1.5,1,20,1.4,2,19,0
EMP00800,27,Female,HR,3,5.9,150500,1.232,5,2.9,3.8,1.0,0.1,4,60,2.6,2,1,0
EMP00801,22,Female,Operations,2,1.2,85300,1.282,4,6.5,4.7,2.4,0.8,3,10,8.3,3,21,0
EMP00802,27,Female,R&D,1,4.5,59400,0.96,4,6.6,5.7,1.0,0.6,4,0,0.5,3,13,0
EMP00803,22,Female,Operations,3,1.5,119600,1.4,4,7.7,6.3,0.8,5.1,3,40,15.2,2,27,0
EMP00804,34,Female,Engineering,1,5.4,84000,1.4,4,5.2,4.3,5.4,2.3,4,40,20.0,2,4,0
EMP00805,22,Male,Sales,3,8.4,94100,0.76,4,5.7,2.5,9.2,3.6,1,60,3.6,1,27,0
EMP00806,32,Male,R&D,1,7.5,60500,0.995,4,3.8,2.8,4.8,7.9,2,60,1.6,4,1,0
EMP00807,22,Female,Operations,5,7.2,161900,0.776,4,2.4,1.0,2.0,2.6,3,40,1.0,5,8,0
EMP00808,25,Female,R&D,2,1.0,78400,0.94,1,4.5,3.0,2.6,10.0,3,60,1.3,6,3,0
EMP00809,35,Female,R&D,2,0.5,79600,1.061,5,3.7,3.0,0.5,0.9,4,40,0.5,1,31,0
EMP00810,33,Male,Operations,1,6.0,60600,1.022,4,7.1,7.6,1.2,0.5,3,20,2.6,4,18,0
EMP00811,24,Male,Operations,2,2.3,71300,0.901,3,5.6,1.3,1.6,1.3,1,60,0.5,4,1,0
EMP00812,28,Male,R&D,4,2.8,110400,0.72,5,5.5,4.4,5.0,1.6,3,40,5.1,6,1,0
EMP00813,26,Male,Sales,5,0.3,211900,0.938,5,4.7,5.7,10.0,5.6,3,20,1.9,2,5,0
EMP00814,30,Male,Finance,2,1.5,94400,1.085,5,1.0,2.0,0.8,2.1,4,40,0.9,4,2,0
EMP00815,22,Female,Engineering,2,0.3,69400,0.88,5,9.2,7.5,5.0,0.9,3,20,3.1,1,15,0
EMP00816,37,Male,HR,3,10.6,126600,1.01,5,4.7,4.1,0.8,3.4,3,10,14.6,3,16,0
EMP00817,22,Female,Engineering,4,1.4,115200,1.014,3,5.8,6.1,17.2,1.8,3,40,4.8,2,43,0
EMP00818,26,Male,Operations,2,4.1,85900,1.124,4,3.9,1.0,9.1,0.4,4,60,2.7,4,46,0
EMP00819,24,Female,HR,2,0.3,71400,0.992,4,8.2,2.8,2.5,2.1,3,40,6.0,5,16,0
EMP00820,34,Male,Engineering,2,5.5,74100,1.063,3,6.8,4.4,5.6,6.1,2,20,5.3,2,1,0
EMP00821,28,Male,Finance,3,2.0,93100,1.001,2,5.0,1.0,4.8,4.6,4,80,8.9,3,7,0
EMP00822,28,Male,HR,1,11.4,62700,1.111,5,5.8,6.0,3.8,2.2,4,0,0.9,1,11,0
EMP00823,30,Female,R&D,3,11.0,126400,1.022,3,9.5,8.4,3.6,1.2,4,20,7.8,2,10,0
EMP00824,29,Female,Sales,2,2.0,64700,0.761,5,6.4,3.4,11.1,0.2,4,20,1.4,2,14,0
EMP00825,35,Male,R&D,3,11.6,114300,0.815,1,6.2,3.4,2.7,1.6,4,0,11.3,1,48,0
EMP00826,45,Male,Engineering,1,27.8,82000,0.888,2,4.8,3.0,4.1,3.5,4,20,1.3,5,32,1
EMP00827,31,Female,HR,2,8.7,74400,0.917,4,3.1,2.1,5.7,1.1,4,40,10.5,1,2,0
EMP00828,37,Male,Operations,2,9.3,112600,1.4,3,6.2,4.3,3.3,0.7,2,60,13.3,3,5,0
EMP00829,25,Male,Sales,3,1.4,91000,1.052,4,7.1,5.6,15.1,6.7,2,80,0.6,5,27,0
EMP00830,29,Female,Engineering,1,4.3,54000,1.018,4,8.5,5.2,2.2,4.3,3,60,14.7,6,26,0
EMP00831,37,Female,HR,2,0.3,65800,0.953,2,2.5,3.3,1.4,2.5,3,20,0.5,4,5,1
EMP00832,22,Male,Finance,2,0.5,97300,1.304,3,4.5,3.7,0.5,0.4,4,40,1.0,1,20,0
EMP00833,44,Male,HR,2,34.0,130600,1.103,3,5.5,2.5,2.1,0.4,4,60,2.3,4,17,0
EMP00834,32,Female,R&D,3,2.0,90900,0.842,3,6.5,6.6,1.8,0.3,4,20,20.0,2,10,0
EMP00835,28,Male,Engineering,3,6.9,131300,1.167,4,6.2,1.6,20.9,2.4,3,40,2.7,6,3,0
EMP00836,31,Male,Engineering,3,8.2,118000,0.999,4,6.3,3.9,4.7,0.3,3,20,3.2,4,33,0
EMP00837,30,Female,Marketing,2,9.8,91500,0.895,2,7.2,6.4,4.6,4.6,4,20,4.7,4,17,0
EMP00838,49,Female,Sales,3,30.2,147100,0.995,4,4.9,1.9,1.5,10.0,3,40,13.8,1,3,0
EMP00839,35,Male,Finance,2,1.4,69200,0.858,2,8.2,5.9,5.3,1.1,3,40,6.1,3,18,0
EMP00840,30,Non-binary,Sales,1,0.3,58000,1.049,3,7.3,5.7,15.9,1.5,1,40,1.0,5,20,1
EMP00841,32,Female,Marketing,1,2.6,53300,0.948,3,5.9,2.3,3.6,3.1,4,20,1.4,5,33,0
EMP00842,22,Male,Marketing,2,0.7,97900,1.177,5,9.4,6.0,1.0,6.9,3,40,0.5,1,4,0
EMP00843,22,Non-binary,Sales,3,0.3,84200,0.766,5,9.3,5.8,3.5,5.6,4,60,4.1,6,67,1
EMP00844,22,Male,Sales,3,2.2,128900,1.352,4,8.2,4.3,3.1,0.1,3,80,0.8,1,2,0
EMP00845,28,Male,Sales,3,7.7,112100,0.976,3,1.1,4.9,4.9,0.5,2,20,1.2,3,14,0
EMP00846,34,Female,Operations,2,4.2,84100,0.998,3,9.3,4.7,7.4,3.5,3,10,8.8,3,16,1
EMP00847,30,Male,Operations,2,1.9,87200,1.147,4,7.9,6.9,6.9,2.9,3,40,1.6,1,8,0
EMP00848,29,Male,Operations,1,5.3,55200,0.848,4,10.0,5.8,10.6,0.4,4,20,3.3,1,10,0
EMP00849,27,Male,Engineering,2,1.3,86600,1.091,5,8.7,3.7,4.0,1.7,1,0,2.0,4,33,0
EMP00850,23,Male,HR,2,0.3,51600,0.72,3,9.3,6.2,10.7,3.8,4,20,0.5,2,16,0
EMP00851,33,Female,Engineering,1,7.2,56200,1.028,2,8.1,6.4,13.5,0.6,3,60,1.8,1,10,0
EMP00852,34,Female,Operations,1,4.9,52600,0.874,4,8.9,7.4,0.9,5.1,4,40,2.1,4,2,0
EMP00853,24,Non-binary,Sales,2,7.2,71100,0.896,4,10.0,9.3,3.5,0.1,3,20,9.0,5,1,0
EMP00854,28,Male,R&D,3,0.3,97600,0.913,4,6.9,9.8,0.8,3.8,4,20,1.6,3,2,0
EMP00855,38,Male,Operations,5,9.1,245700,1.203,4,3.7,2.9,0.0,2.4,3,40,1.9,1,47,0
EMP00856,28,Male,Engineering,4,4.8,167800,1.047,5,5.9,2.6,5.4,0.9,1,20,6.1,1,22,0
EMP00857,33,Male,Finance,3,4.1,111100,1.085,4,7.2,5.5,0.0,3.2,2,40,5.7,4,51,0
EMP00858,44,Male,Engineering,2,4.9,74400,0.964,5,6.6,3.8,4.0,3.8,4,0,6.4,3,1,0
EMP00859,33,Female,Marketing,3,10.0,124300,1.177,5,4.3,4.5,1.7,6.8,1,20,12.3,3,17,0
EMP00860,31,Female,Engineering,3,4.4,109800,1.049,4,3.6,1.0,21.7,1.1,2,20,6.3,4,1,0
EMP00861,26,Non-binary,Finance,1,4.3,67600,1.007,3,5.2,7.6,4.3,2.9,2,40,2.1,2,23,0
EMP00862,46,Male,Engineering,2,23.4,118800,1.048,3,8.0,6.7,8.9,2.3,3,40,6.9,1,7,0
EMP00863,34,Female,Engineering,3,7.1,113300,0.92,4,9.3,3.0,11.6,1.9,2,20,2.8,6,2,0
EMP00864,29,Male,Sales,2,2.9,69600,0.739,4,8.1,4.0,6.2,5.5,4,0,1.3,3,13,0
EMP00865,26,Male,Engineering,2,6.1,76000,0.87,5,8.4,6.9,2.7,0.0,3,20,1.4,3,5,0
EMP00866,29,Female,Operations,2,2.5,72600,0.97,3,6.4,6.3,1.1,0.8,4,40,1.0,6,16,0
EMP00867,34,Female,R&D,1,1.3,53900,0.909,3,3.4,1.0,0.8,1.9,3,10,0.6,6,16,0
EMP00868,32,Male,Engineering,2,4.5,84200,1.079,4,5.7,5.0,4.3,0.5,4,10,0.8,3,18,0
EMP00869,41,Male,Marketing,2,13.2,102600,1.115,2,6.0,1.0,1.6,6.0,3,40,0.5,2,73,0
EMP00870,35,Male,Sales,1,13.2,67600,1.109,3,5.6,3.5,20.8,2.6,2,40,8.8,9,7,1
EMP00871,31,Female,Engineering,1,2.1,57200,0.906,3,6.6,6.3,4.5,1.6,3,20,10.7,3,9,0
EMP00872,30,Male,Marketing,3,3.8,109000,1.045,4,7.3,3.8,0.7,4.2,3,20,3.5,2,24,0
EMP00873,22,Non-binary,Finance,2,1.2,71300,0.91,3,8.0,2.5,0.6,1.5,4,60,7.3,3,13,0
EMP00874,49,Male,Finance,2,27.2,98100,0.908,5,6.0,4.2,3.8,2.0,3,60,0.8,2,1,0
EMP00875,37,Male,Sales,2,19.8,79600,0.72,4,3.1,1.0,8.7,0.0,4,20,9.3,5,28,1
EMP00876,27,Male,Engineering,4,5.2,138900,0.961,5,5.6,4.8,2.7,1.1,4,60,2.8,2,1,0
EMP00877,34,Male,Sales,2,8.2,92000,1.054,4,6.6,2.7,2.5,0.4,2,40,0.5,5,3,0
EMP00878,33,Male,Operations,2,6.3,75700,0.812,3,8.7,4.3,1.6,2.9,3,80,0.6,5,2,0
EMP00879,24,Female,Engineering,4,4.5,146400,0.879,3,5.5,1.0,1.2,1.6,2,20,1.5,5,1,0
EMP00880,32,Female,Operations,3,0.3,107300,1.068,1,7.4,5.1,2.3,0.9,3,40,0.5,4,1,1
EMP00881,31,Female,Operations,1,3.0,62400,1.27,4,7.0,4.3,0.3,1.6,3,40,1.5,5,1,0
EMP00882,27,Female,Sales,3,5.6,94600,0.72,3,6.6,2.2,6.9,0.6,4,20,0.5,2,9,0
EMP00883,23,Female,R&D,2,5.7,95100,0.946,3,8.2,5.7,2.5,6.5,1,40,1.1,1,4,0
EMP00884,27,Female,Sales,2,2.3,91500,1.08,4,5.3,5.3,4.5,0.1,2,20,1.2,5,2,0
EMP00885,35,Female,Operations,1,14.2,59000,0.881,3,5.5,3.2,1.6,5.0,2,10,20.0,2,16,1
EMP00886,27,Male,Finance,1,0.9,49800,0.898,3,6.5,4.7,1.4,1.8,3,20,1.1,1,4,1
EMP00887,27,Male,Operations,3,3.5,125600,1.231,4,5.3,3.9,0.3,2.4,4,60,1.1,1,1,0
EMP00888,22,Male,Engineering,2,5.9,81300,0.846,5,7.4,2.6,3.3,0.9,4,40,4.6,1,8,0
EMP00889,29,Male,Sales,2,6.0,60900,0.72,3,5.2,7.1,2.4,8.5,4,40,7.8,4,6,1
EMP00890,29,Male,Sales,3,5.2,89900,0.873,3,6.9,3.6,6.0,0.8,4,40,2.0,4,6,0
EMP00891,30,Female,Operations,3,1.6,99400,1.006,5,6.3,5.3,4.0,2.2,3,10,8.3,1,9,0
EMP00892,23,Male,Sales,1,0.8,47400,0.757,2,6.9,5.9,5.6,10.0,2,20,1.7,5,17,1
EMP00893,38,Male,Engineering,3,5.1,103000,0.789,5,5.7,3.5,6.9,5.3,2,40,0.9,2,14,0
EMP00894,22,Male,Finance,1,4.6,59800,0.847,1,5.9,4.9,0.5,1.9,4,80,1.6,4,42,0
EMP00895,33,Male,Engineering,3,1.0,124900,1.133,5,6.7,4.8,3.5,10.0,4,10,3.8,2,11,0
EMP00896,30,Male,R&D,3,6.1,106600,0.964,3,6.9,1.9,0.3,3.0,3,20,1.8,4,10,0
EMP00897,33,Male,HR,5,3.0,245000,1.4,5,6.5,3.6,3.6,0.6,3,10,4.5,2,4,0
EMP00898,31,Male,Engineering,1,5.5,73800,1.162,3,9.6,5.1,1.8,1.3,3,20,1.1,2,21,0
EMP00899,39,Male,R&D,1,9.1,78200,1.185,4,4.7,2.2,0.4,1.0,4,20,4.8,5,2,0
EMP00900,25,Female,Operations,2,0.9,79300,1.022,2,6.4,1.8,5.9,1.1,2,40,1.7,1,10,0
EMP00901,22,Female,Engineering,2,0.3,57300,0.755,3,3.7,4.4,6.3,3.6,4,20,2.4,7,8,1
EMP00902,39,Male,Engineering,1,7.6,66700,1.186,4,7.2,7.6,5.8,2.2,3,20,3.3,3,16,0
EMP00903,29,Male,R&D,4,4.7,175800,1.076,4,4.5,4.7,0.1,0.1,1,40,4.6,2,37,0
EMP00904,32,Male,Engineering,1,6.0,60300,0.909,5,6.0,6.2,4.4,5.2,4,80,1.1,3,44,0
EMP00905,39,Female,Engineering,2,9.1,111400,1.156,4,5.8,3.1,9.1,0.9,3,20,7.2,1,3,1
EMP00906,27,Male,Sales,3,8.1,129200,0.998,5,7.0,3.4,8.0,10.0,4,40,5.1,3,5,0
EMP00907,42,Male,Sales,2,16.2,104900,0.971,4,5.5,2.2,13.8,7.7,3,20,1.1,8,25,0
EMP00908,26,Female,Engineering,3,3.8,124400,1.196,5,5.4,4.7,2.1,7.1,3,60,14.8,1,11,0
EMP00909,28,Male,Sales,1,3.4,61200,1.043,5,9.1,6.3,3.4,4.2,4,40,4.4,4,9,0
EMP00910,28,Male,Operations,2,2.6,55400,0.72,3,7.0,4.4,4.8,0.6,3,60,2.4,2,19,0
EMP00911,22,Male,R&D,1,0.8,52000,0.919,5,5.5,5.9,2.2,1.9,3,0,0.7,3,14,0
EMP00912,26,Female,R&D,1,4.3,70100,1.054,4,6.0,4.6,0.3,0.6,4,40,3.0,1,53,0
EMP00913,34,Female,Sales,4,1.6,128600,0.832,3,9.5,4.7,5.7,0.8,3,40,0.7,2,13,0
EMP00914,41,Female,Sales,1,12.7,65500,0.756,4,6.1,2.7,3.6,2.4,1,20,2.2,8,9,0
EMP00915,29,Male,Engineering,2,4.4,69900,0.72,2,5.3,4.7,5.4,0.1,4,20,2.1,1,12,0
EMP00916,31,Male,Sales,2,4.5,104100,1.253,4,5.3,5.3,6.6,8.7,3,40,5.1,3,25,0
EMP00917,26,Non-binary,Engineering,2,2.2,98700,1.4,3,5.5,4.6,14.1,6.3,3,40,0.9,3,14,0
EMP00918,33,Female,Marketing,4,0.3,124400,0.78,2,5.4,6.9,3.3,1.2,4,0,6.9,3,16,0
EMP00919,25,Male,HR,1,0.3,56400,1.075,4,4.2,5.7,0.7,1.8,3,40,1.6,3,53,0
EMP00920,29,Female,Operations,3,2.8,95500,0.975,4,4.5,3.7,1.6,1.6,3,10,2.3,3,14,0
EMP00921,32,Male,Engineering,5,0.4,219600,1.133,5,5.0,1.7,8.9,5.3,3,10,5.9,1,7,0
EMP00922,26,Male,Sales,2,4.7,87400,1.104,5,7.6,2.6,15.6,2.9,2,40,3.9,6,18,1
EMP00923,42,Female,Marketing,4,10.6,186800,1.018,4,5.8,3.1,0.2,0.8,4,20,1.5,5,16,0
EMP00924,27,Male,Engineering,1,10.7,68700,1.182,2,6.1,5.3,3.0,1.5,4,20,2.0,1,1,0
EMP00925,38,Female,Operations,2,5.4,124100,1.4,4,8.8,9.0,1.1,1.4,2,20,1.5,2,9,0
EMP00926,25,Male,Engineering,2,1.2,66400,0.833,4,8.8,6.5,2.2,8.0,3,40,3.6,4,20,0
EMP00927,33,Male,Operations,3,9.9,92700,0.72,4,6.0,6.0,2.1,0.5,4,20,1.6,8,10,0
EMP00928,25,Female,Sales,5,10.9,226400,0.856,3,5.4,3.1,5.3,0.2,3,80,5.2,7,23,0
EMP00929,25,Female,Operations,2,1.1,61400,0.865,4,4.9,4.3,0.0,5.3,4,20,3.5,5,9,0
EMP00930,26,Male,Sales,3,6.7,90900,0.874,3,7.7,6.5,5.2,5.7,4,40,0.6,1,61,0
EMP00931,24,Male,Sales,1,1.7,49300,0.909,4,6.1,1.0,10.3,5.1,3,20,1.5,6,5,0
EMP00932,32,Female,Sales,2,8.1,75500,0.834,4,5.8,3.0,10.9,1.8,3,40,1.0,5,1,0
EMP00933,54,Male,R&D,2,29.5,100500,0.72,5,5.0,5.0,0.6,2.7,4,40,2.0,2,8,0
EMP00934,27,Female,Sales,5,0.3,216200,1.318,4,5.1,3.8,8.1,2.1,3,20,2.9,2,12,0
EMP00935,37,Female,Marketing,3,11.4,112300,0.918,3,7.1,2.5,1.7,0.2,3,20,2.8,2,6,0
EMP00936,24,Male,Operations,2,4.9,79600,1.095,5,4.1,1.0,1.2,2.3,4,20,5.6,3,4,0
EMP00937,36,Male,Sales,1,18.1,82600,1.267,4,8.3,4.7,5.1,0.0,4,0,0.8,2,17,0
EMP00938,37,Male,Sales,1,3.1,52200,0.807,3,5.5,3.4,7.0,1.0,3,20,11.7,1,7,0
EMP00939,30,Female,Operations,1,9.4,62000,0.885,4,6.2,2.4,0.1,6.7,2,40,1.7,1,15,0
EMP00940,35,Male,Sales,2,0.3,79400,1.006,3,4.1,2.9,18.1,0.9,2,40,1.4,2,23,0
EMP00941,26,Male,Sales,4,2.0,110500,0.72,4,6.5,5.1,9.9,7.0,3,20,4.6,2,21,0
EMP00942,26,Male,Engineering,2,0.3,54000,0.75,4,5.9,5.0,6.5,0.7,3,20,6.5,4,7,0
EMP00943,46,Female,R&D,2,18.5,104900,1.038,4,6.4,1.0,4.3,0.9,3,0,1.9,1,13,0
EMP00944,39,Male,R&D,1,8.5,67900,0.836,2,9.1,3.5,1.5,2.5,2,20,5.5,6,9,0
EMP00945,33,Male,R&D,4,9.6,219200,1.325,3,6.8,3.9,4.2,3.6,3,40,8.6,5,31,0
EMP00946,35,Female,Engineering,3,13.9,127800,0.909,5,5.1,4.3,4.3,1.7,3,40,5.8,6,32,0
EMP00947,26,Female,Engineering,1,0.4,62100,1.119,4,5.2,4.3,8.8,5.3,3,20,0.5,4,6,0
EMP00948,30,Female,Operations,3,2.4,101500,1.16,3,7.6,5.8,0.6,0.1,3,20,7.0,1,1,0
EMP00949,31,Male,Operations,2,0.4,78700,1.276,3,8.8,5.0,1.0,6.4,3,60,6.0,2,3,1
EMP00950,27,Male,Sales,1,1.2,71000,1.333,3,7.0,4.0,2.5,0.5,4,20,4.4,1,7,0
EMP00951,30,Female,R&D,2,1.3,57000,0.72,4,7.7,3.7,1.2,5.4,2,20,5.7,8,12,1
EMP00952,37,Male,Finance,2,3.2,84000,0.967,4,7.6,6.3,1.7,1.3,3,40,15.5,2,16,0
EMP00953,29,Female,Sales,1,1.6,76300,1.223,4,9.1,4.3,3.4,4.5,4,40,2.3,3,6,0
EMP00954,28,Female,Operations,4,0.5,146900,1.146,4,3.0,3.5,5.8,2.8,3,20,0.5,4,17,0
EMP00955,22,Male,Marketing,3,0.9,128000,1.068,4,7.7,5.4,2.2,0.5,4,60,2.5,6,42,0
EMP00956,22,Female,Engineering,3,0.8,92900,1.005,4,8.3,5.3,6.3,6.3,2,20,0.5,4,16,0
EMP00957,42,Female,Engineering,2,18.1,99000,0.924,3,4.1,1.5,5.2,0.7,3,40,1.4,3,3,1
EMP00958,31,Male,Operations,2,7.1,85000,0.981,4,4.9,1.0,1.6,0.7,3,10,3.5,2,13,1
EMP00959,37,Male,Marketing,3,17.2,96000,0.72,5,5.0,2.1,2.2,4.2,1,40,1.5,3,12,0
EMP00960,30,Male,Engineering,2,2.9,67000,0.735,4,5.2,2.8,6.2,0.3,3,60,4.6,1,31,0
EMP00961,27,Male,Operations,1,1.6,48500,0.914,4,5.6,1.0,0.4,0.6,3,20,6.9,5,6,0
EMP00962,38,Male,Operations,2,8.0,96300,1.25,4,6.9,4.1,0.8,1.8,3,40,2.2,3,8,0
EMP00963,28,Female,Marketing,3,2.0,117100,1.119,5,8.1,6.9,1.4,4.4,4,60,9.2,1,14,0
EMP00964,24,Female,Engineering,2,1.8,81000,1.081,4,8.4,6.5,7.1,0.4,2,10,0.5,6,11,1
EMP00965,32,Male,Sales,1,1.3,63200,0.797,3,5.0,2.4,9.7,2.0,3,40,7.3,2,19,0
EMP00966,25,Male,Sales,3,0.7,99000,0.911,5,5.0,3.3,4.8,3.1,3,60,7.1,5,1,0
EMP00967,30,Female,Operations,1,1.5,66800,1.225,5,8.9,4.8,1.2,4.9,3,40,1.6,5,12,0
EMP00968,25,Male,Sales,2,2.2,78100,1.104,3,7.7,5.3,5.2,6.9,4,10,1.4,4,2,0
EMP00969,27,Female,Engineering,1,5.6,61000,1.192,4,6.6,7.1,7.1,3.8,3,10,1.5,1,6,0
EMP00970,27,Male,Engineering,2,0.3,72700,1.067,4,7.4,6.6,5.3,2.6,1,20,6.7,1,16,0
EMP00971,27,Male,Engineering,3,1.2,112400,1.083,3,6.4,5.1,13.2,1.4,3,10,7.1,5,3,0
EMP00972,35,Male,Sales,2,8.3,81300,0.795,5,7.4,3.9,7.6,0.3,4,40,1.6,5,6,0
EMP00973,25,Female,Sales,1,0.8,64000,1.022,4,5.9,5.2,5.7,3.1,3,10,3.6,2,18,0
EMP00974,22,Male,Marketing,4,2.1,124000,0.827,5,7.0,1.5,5.0,10.0,3,20,0.6,2,16,0
EMP00975,32,Female,Finance,4,10.0,141600,0.856,3,3.8,2.0,0.8,3.3,2,20,2.5,1,1,0
EMP00976,31,Male,Engineering,4,0.8,156400,1.069,4,5.3,4.5,7.4,0.0,2,20,20.0,7,13,0
EMP00977,25,Male,Finance,1,0.4,54700,1.038,2,5.3,4.8,2.5,1.7,2,40,0.7,1,2,0
EMP00978,27,Male,Operations,2,3.3,74600,0.781,4,5.8,5.0,2.8,2.4,3,40,11.8,1,4,0
EMP00979,32,Female,Engineering,5,1.8,233900,1.146,4,4.8,3.7,7.2,2.9,4,0,7.0,3,9,0
EMP00980,26,Female,Sales,3,4.1,98600,0.912,4,5.5,3.2,10.8,3.2,3,10,14.3,1,2,0
EMP00981,25,Male,Marketing,1,8.1,61300,1.181,2,3.8,3.4,2.8,2.0,2,10,0.8,6,76,0
EMP00982,26,Male,Sales,1,0.7,67700,1.236,3,7.5,3.2,9.4,0.6,3,20,1.0,1,3,0
EMP00983,27,Male,R&D,2,4.3,100200,1.123,2,6.4,2.6,1.7,7.1,3,0,0.5,1,23,0
EMP00984,24,Male,Operations,4,3.5,185500,1.369,3,3.4,2.3,2.4,3.0,3,40,5.2,3,27,0
EMP00985,26,Male,HR,2,0.8,73100,1.032,4,5.0,3.6,0.2,0.7,3,20,4.1,2,78,0
EMP00986,32,Female,R&D,2,4.9,97000,1.079,4,7.1,1.3,0.3,1.0,3,60,0.8,1,8,0
EMP00987,27,Female,Sales,1,1.6,49500,1.008,4,5.5,4.4,10.0,6.4,3,20,6.3,2,31,0
EMP00988,30,Male,Marketing,3,3.3,93300,0.783,4,5.2,4.8,0.2,5.5,2,20,1.4,2,47,0
EMP00989,35,Male,Operations,3,0.4,72500,0.758,3,6.4,4.0,0.6,1.3,2,40,0.6,5,3,0
EMP00990,27,Female,Engineering,2,3.1,100100,1.299,3,7.1,8.9,11.4,0.1,1,40,2.2,1,10,0
EMP00991,29,Female,R&D,3,1.8,91500,0.985,3,3.9,1.3,0.0,0.1,3,40,0.5,7,1,0
EMP00992,30,Male,Sales,5,8.6,226900,0.919,4,7.5,4.2,7.9,0.8,2,60,1.2,3,15,0
EMP00993,22,Male,Operations,1,0.3,48700,0.72,4,5.1,2.6,2.6,2.5,3,20,1.9,1,13,0
EMP00994,25,Male,Marketing,2,2.7,86700,1.009,3,6.5,4.1,2.7,2.2,4,60,7.6,1,3,0
EMP00995,26,Male,Engineering,2,3.1,75100,1.022,3,6.4,3.6,8.9,2.5,4,20,6.3,3,24,0
EMP00996,33,Male,Marketing,3,6.5,93100,0.727,5,5.6,1.1,2.1,3.2,3,60,2.3,1,1,0
EMP00997,41,Male,R&D,2,4.3,86000,1.081,4,4.7,2.1,2.1,0.0,4,20,5.2,2,25,0
EMP00998,27,Female,Finance,3,5.5,89900,0.72,4,6.0,3.7,3.9,0.3,3,20,3.4,1,1,1
EMP00999,30,Male,Engineering,3,7.5,100900,0.799,4,9.4,8.3,9.9,1.1,4,40,1.7,3,16,0
EMP01000,34,Male,HR,2,9.9,65800,0.967,3,4.0,6.6,2.8,0.4,3,20,5.2,3,1,0
EMP01001,29,Male,Operations,4,1.9,118600,0.899,5,9.5,8.6,6.8,0.2,3,20,4.6,1,4,0
EMP01002,30,Female,Operations,2,3.9,82300,0.92,4,6.0,2.5,1.5,2.6,3,20,3.9,3,19,0
EMP01003,40,Female,Sales,1,9.2,48700,0.725,3,6.6,3.0,5.6,4.2,2,40,3.8,4,5,1
EMP01004,32,Male,Operations,3,22.8,114600,0.845,4,4.5,2.6,0.0,3.5,4,60,4.6,1,11,0
EMP01005,23,Male,Engineering,3,11.0,119800,1.028,4,5.1,6.5,3.0,4.2,2,40,1.9,5,37,0
EMP01006,25,Non-binary,Operations,2,2.3,72400,1.112,3,5.6,3.3,0.1,2.7,3,60,8.1,3,1,0
EMP01007,32,Male,Engineering,4,1.1,188700,1.328,4,4.6,1.0,5.1,3.3,3,40,0.7,7,25,0
EMP01008,22,Male,Engineering,4,3.4,192100,1.023,3,6.1,3.1,5.4,0.8,2,10,8.6,1,1,0
EMP01009,22,Male,Operations,2,6.8,74500,0.797,3,5.8,5.1,2.4,10.0,2,10,1.7,9,2,0
EMP01010,32,Male,R&D,5,3.4,229500,0.858,4,9.8,7.6,0.9,0.5,1,40,0.5,3,2,0
EMP01011,30,Male,Operations,1,3.3,64700,1.004,3,4.4,2.5,4.6,0.6,3,20,3.7,3,77,0
EMP01012,28,Female,Engineering,1,9.1,58900,0.805,4,6.7,5.6,3.0,0.9,4,20,1.9,3,3,0
EMP01013,23,Female,Engineering,1,2.2,46400,0.72,5,6.9,1.0,4.5,9.3,3,20,6.8,1,34,1
EMP01014,29,Male,Engineering,4,9.8,164400,0.93,2,4.6,3.2,3.2,10.0,2,40,2.3,6,71,1
EMP01015,29,Female,Sales,3,2.6,102200,0.985,4,7.7,6.6,2.6,4.0,3,20,4.4,3,7,0
EMP01016,24,Male,R&D,1,2.0,53600,0.842,4,5.8,2.3,7.1,2.5,4,60,1.5,1,15,0
EMP01017,31,Male,HR,2,3.0,84100,0.91,4,2.0,1.0,0.7,1.8,2,40,0.9,1,23,1
EMP01018,22,Female,Engineering,3,7.2,101700,0.921,4,7.7,1.6,13.7,8.8,2,40,2.0,1,7,1
EMP01019,22,Female,Operations,1,0.7,47400,0.912,3,4.5,5.8,0.0,3.0,4,80,3.7,3,3,0
EMP01020,22,Male,Sales,4,1.1,145000,0.997,4,4.6,1.7,3.5,7.2,2,20,4.3,3,9,0
EMP01021,37,Male,HR,3,15.1,134200,0.927,4,7.7,5.4,0.7,1.0,3,40,3.5,2,22,0
EMP01022,24,Female,Engineering,2,1.0,64800,0.781,5,5.9,4.9,3.0,1.0,2,60,17.7,2,23,1
EMP01023,33,Female,Sales,5,4.2,245000,1.293,3,8.2,8.1,9.0,4.8,4,40,4.7,3,4,0
EMP01024,22,Female,Engineering,2,4.3,63100,0.72,5,8.7,5.4,4.9,0.4,4,40,10.7,3,3,0
EMP01025,29,Male,R&D,5,3.4,195700,0.971,3,5.3,2.5,4.7,7.3,4,20,0.5,1,38,0
EMP01026,33,Male,Finance,3,5.2,105500,0.972,5,7.9,5.4,0.9,1.8,3,40,0.5,2,1,0
EMP01027,36,Male,Engineering,3,1.3,93600,0.996,4,5.1,5.6,2.1,6.5,3,10,1.5,1,20,0
EMP01028,27,Male,R&D,1,4.0,54500,0.72,4,10.0,6.2,3.2,1.0,2,80,0.6,6,1,0
EMP01029,29,Female,Sales,4,2.3,189500,1.258,4,5.3,1.7,10.1,3.1,4,60,3.0,4,27,0
EMP01030,22,Male,Operations,2,5.4,73000,0.947,3,8.3,2.6,3.6,1.6,4,60,2.9,9,35,0
EMP01031,22,Male,R&D,1,0.8,78500,1.287,3,8.0,3.0,3.0,2.5,3,40,3.4,2,5,0
EMP01032,34,Female,R&D,1,4.2,62900,0.969,3,7.1,6.2,0.4,1.8,3,10,5.5,5,1,0
EMP01033,27,Male,Operations,2,1.0,77300,1.028,3,5.3,2.9,4.6,8.5,2,0,14.2,3,10,1
EMP01034,33,Male,Engineering,2,1.6,82500,0.977,3,6.2,2.9,5.0,2.9,3,60,8.4,2,5,1
EMP01035,22,Female,Sales,3,1.2,145600,1.4,4,2.6,1.0,4.5,0.7,3,20,0.5,1,8,0
EMP01036,29,Female,Engineering,4,1.0,124000,0.91,4,6.9,4.6,1.1,6.0,3,20,1.7,4,16,0
EMP01037,42,Female,Sales,1,8.7,54400,1.015,3,7.1,4.2,2.6,0.9,3,40,1.2,6,4,1
EMP01038,29,Male,Operations,3,1.7,92700,1.02,5,6.7,3.9,1.5,1.2,1,20,0.8,1,7,0
EMP01039,38,Female,Marketing,1,13.1,68300,0.805,4,1.1,3.1,1.0,0.3,4,40,3.1,1,23,1
EMP01040,40,Female,R&D,4,17.5,144600,0.72,5,4.2,5.5,0.8,5.8,4,20,3.2,3,15,0
EMP01041,22,Male,Operations,3,4.2,107900,0.981,4,5.2,1.0,4.9,0.8,4,40,1.0,7,6,0
EMP01042,33,Male,Operations,2,0.8,96400,1.07,3,7.0,5.1,3.1,0.7,4,60,5.0,4,16,0
EMP01043,25,Female,Sales,3,2.3,106400,1.029,4,7.0,3.2,13.2,6.3,2,10,5.3,2,22,0
EMP01044,35,Male,Operations,2,8.0,82400,0.957,4,6.2,3.6,0.8,4.1,3,20,0.5,2,13,0
EMP01045,22,Female,HR,2,2.3,71600,0.904,2,7.6,5.5,7.5,0.4,4,20,2.0,2,4,0
EMP01046,22,Male,Sales,3,0.5,114400,1.146,1,4.7,2.7,4.1,3.7,3,80,8.8,5,1,0
EMP01047,36,Male,Engineering,2,4.1,71700,0.896,3,7.6,5.4,13.3,6.1,2,20,2.9,4,24,0
EMP01048,32,Male,R&D,2,9.3,113400,1.12,3,7.4,6.0,10.2,0.2,3,20,1.7,3,26,0
EMP01049,40,Female,Finance,2,7.9,112300,1.257,4,7.2,5.2,3.9,4.4,4,40,1.2,2,18,0
EMP01050,26,Male,Engineering,3,1.0,105500,0.961,4,6.2,2.9,16.0,2.0,1,20,1.1,6,1,1
EMP01051,22,Female,Finance,2,5.6,82400,0.882,3,9.8,5.2,3.2,2.8,2,80,0.5,3,13,0
EMP01052,31,Female,Operations,1,1.2,64900,1.106,4,7.4,2.2,0.7,1.7,3,60,6.8,7,26,0
EMP01053,24,Female,Marketing,3,1.2,119100,1.279,4,4.8,1.6,0.7,3.0,4,40,0.5,3,7,0
EMP01054,38,Female,Operations,3,10.4,106100,0.989,3,6.9,8.0,1.2,0.1,3,40,1.4,5,3,0
EMP01055,27,Male,HR,1,1.4,52400,0.911,1,7.9,3.7,0.0,3.6,3,10,0.5,4,13,0
EMP01056,22,Male,Engineering,1,1.5,46900,0.84,2,5.4,1.4,4.7,0.1,3,40,6.1,2,26,1
EMP01057,27,Female,Sales,1,0.3,58600,1.049,3,8.5,6.1,1.7,1.5,4,40,0.5,7,1,0
EMP01058,45,Female,Engineering,2,10.2,97500,1.063,3,7.2,4.5,10.6,0.4,4,20,1.5,1,14,0
EMP01059,35,Male,Marketing,2,7.9,70900,0.72,3,2.3,1.1,1.3,4.3,3,20,3.4,4,15,0
EMP01060,30,Male,Engineering,3,4.9,102100,1.053,4,7.0,7.1,5.1,0.9,3,60,2.1,7,14,0
EMP01061,37,Female,Engineering,3,6.9,93100,0.986,4,5.8,4.8,13.8,1.5,3,20,1.3,2,16,0
EMP01062,28,Male,Engineering,3,0.8,89400,0.85,3,7.5,3.9,3.9,1.4,3,40,1.3,3,15,0
EMP01063,30,Female,Sales,2,3.1,85500,1.108,3,8.2,4.6,8.2,3.7,4,0,6.4,3,2,0
EMP01064,22,Male,Operations,3,2.2,93800,0.867,4,6.9,3.6,4.2,1.6,2,20,14.6,4,4,0
EMP01065,28,Male,R&D,2,0.5,72600,0.903,5,9.5,7.7,0.7,3.9,3,60,1.7,5,14,0
EMP01066,34,Female,Finance,5,3.3,168700,0.72,4,6.2,3.5,2.1,0.2,4,20,0.5,3,1,0
EMP01067,32,Male,R&D,3,12.7,126100,1.146,4,7.6,1.7,1.3,0.5,2,40,0.5,4,15,0
EMP01068,33,Male,Sales,1,0.3,55000,1.05,3,7.9,5.0,23.2,2.0,2,20,5.7,2,16,0
EMP01069,27,Female,Finance,3,1.7,93100,0.86,3,6.3,1.3,2.9,7.3,3,20,3.2,1,4,0
EMP01070,23,Male,Operations,2,1.2,74600,0.897,5,7.9,9.1,1.9,0.2,4,60,6.1,2,14,0
EMP01071,32,Female,Finance,3,1.4,105100,0.819,2,5.4,1.8,4.5,0.1,3,40,4.8,3,11,0
EMP01072,34,Female,Sales,1,12.0,59700,0.78,5,5.7,3.4,7.7,0.4,2,60,9.5,1,5,1
EMP01073,32,Female,Marketing,1,3.2,47300,0.808,4,4.1,3.1,4.2,2.6,4,60,8.7,3,9,0
EMP01074,27,Male,R&D,4,3.1,190300,1.391,4,6.9,4.0,6.0,1.3,3,60,6.2,2,36,0
EMP01075,31,Male,Operations,1,7.1,56800,0.945,2,7.1,4.1,6.3,4.4,2,60,2.6,4,8,1
EMP01076,29,Male,Engineering,3,0.8,100100,1.044,4,8.6,6.3,13.4,0.2,1,0,1.5,1,15,0
EMP01077,30,Female,Operations,2,3.3,91500,1.065,4,7.9,7.9,1.6,0.5,4,60,2.8,3,1,0
EMP01078,22,Female,Marketing,3,2.8,172200,1.4,3,6.0,5.3,12.0,0.9,2,10,2.8,3,1,0
EMP01079,24,Female,Engineering,3,4.5,90800,0.943,3,4.4,5.5,2.1,2.5,3,0,3.8,6,1,0
EMP01080,59,Male,Engineering,2,35.0,130200,1.024,5,7.3,2.9,16.6,2.9,2,10,0.8,4,23,0
EMP01081,31,Male,Operations,2,7.3,76900,0.809,4,8.5,6.1,0.5,0.3,4,20,4.3,4,6,0
EMP01082,25,Male,Engineering,1,2.5,53300,0.887,4,7.9,5.4,17.1,7.2,3,40,2.4,6,4,0
EMP01083,26,Male,Engineering,1,8.8,57600,0.829,2,8.5,6.2,6.3,1.0,3,20,3.9,3,21,0
EMP01084,22,Male,HR,2,0.9,65100,0.819,4,6.1,6.4,4.2,3.1,1,0,1.1,2,3,0
EMP01085,22,Female,Marketing,3,0.3,100000,0.844,4,5.7,3.3,0.2,1.9,4,20,2.3,5,4,0
EMP01086,26,Male,Operations,4,1.1,116100,0.791,4,5.2,2.7,4.3,0.6,3,20,0.9,4,8,0
EMP01087,25,Male,Sales,4,2.1,165900,1.177,4,6.4,5.1,9.9,4.7,4,40,8.3,2,6,0
EMP01088,24,Male,Operations,3,3.6,107300,1.09,4,6.4,1.0,3.3,4.3,3,20,2.7,4,13,0
EMP01089,29,Female,HR,3,4.8,115300,1.017,4,6.9,4.1,1.0,1.3,3,20,1.0,5,6,1
EMP01090,37,Female,Operations,3,12.1,114100,1.15,3,6.3,3.9,2.0,2.2,2,20,0.5,7,7,0
EMP01091,39,Female,Sales,2,3.6,75900,0.955,5,6.3,2.4,1.3,0.7,4,20,4.5,7,30,0
EMP01092,22,Female,Engineering,4,3.5,154900,1.049,4,5.1,5.2,5.2,2.9,3,40,1.0,2,32,1
EMP01093,32,Male,Engineering,3,0.3,85400,0.972,3,8.2,3.4,4.0,0.9,3,20,18.3,2,26,1
EMP01094,31,Female,Engineering,2,0.3,71700,1.042,4,6.6,4.0,1.5,4.6,2,20,3.1,1,30,0
EMP01095,25,Male,Sales,1,4.0,52300,0.806,4,6.2,4.6,8.9,0.6,2,20,1.4,1,13,0
EMP01096,29,Male,Engineering,2,2.9,69700,0.854,3,5.2,5.8,1.5,0.0,2,20,4.3,5,16,1
EMP01097,31,Female,Operations,2,9.1,65000,0.72,3,4.1,2.6,0.2,0.8,3,80,1.3,2,12,0
EMP01098,28,Female,Operations,4,0.9,171600,1.166,4,8.9,7.5,7.6,0.5,4,20,6.9,3,23,0
EMP01099,34,Male,Operations,2,0.3,68500,0.899,3,7.5,6.1,2.3,1.8,3,60,1.5,3,12,0
EMP01100,31,Male,Sales,2,3.0,93000,1.027,4,3.6,2.6,4.5,0.6,4,40,17.8,4,2,0
EMP01101,30,Male,Marketing,5,1.4,238100,1.141,3,7.9,3.2,2.3,3.6,2,0,3.7,1,25,0
EMP01102,24,Male,Finance,1,0.3,46200,0.965,4,8.2,2.7,3.0,0.7,3,80,7.4,2,21,0
EMP01103,24,Male,Operations,2,6.4,71800,0.72,2,6.7,4.5,7.6,3.1,3,40,0.5,2,26,0
EMP01104,25,Male,Operations,1,0.6,79600,1.376,1,9.4,5.1,0.6,2.2,4,40,1.7,2,3,0
EMP01105,36,Male,Sales,3,4.7,138600,1.332,5,6.9,6.1,9.9,10.0,4,20,5.3,8,5,0
EMP01106,22,Female,Finance,4,1.6,143400,1.122,4,3.9,3.9,11.2,10.0,3,40,4.3,5,5,0
EMP01107,22,Male,Marketing,2,1.0,79200,0.993,3,7.2,4.3,1.4,5.1,4,20,0.9,2,11,0
EMP01108,29,Male,Sales,4,2.4,133700,0.918,3,6.9,2.4,1.7,3.6,2,0,1.8,5,2,0
EMP01109,28,Male,HR,2,8.1,91300,0.883,4,5.4,4.4,0.5,1.2,3,60,1.2,2,7,0
EMP01110,24,Female,R&D,4,2.5,132300,0.927,4,7.5,3.0,0.1,3.5,2,60,3.8,4,3,1
EMP01111,29,Male,Engineering,3,6.9,84600,0.799,5,3.5,1.0,23.6,7.8,2,10,1.7,1,5,1
EMP01112,22,Male,Finance,3,0.7,84200,0.758,5,8.3,3.6,1.0,0.1,2,40,1.5,4,18,0
EMP01113,27,Male,Finance,1,7.4,62500,0.891,4,4.9,2.9,7.7,1.9,4,40,0.9,2,29,0
EMP01114,31,Female,Operations,5,1.4,175000,0.835,4,4.7,5.2,15.0,0.6,2,10,2.1,1,1,0
EMP01115,24,Female,Marketing,3,5.7,109200,0.907,4,6.3,4.1,2.7,2.0,4,20,0.9,2,13,0
EMP01116,22,Female,Engineering,2,4.2,69400,0.85,4,7.3,3.9,2.4,1.6,3,20,13.1,2,1,0
EMP01117,33,Female,HR,3,13.2,110900,0.84,3,6.8,1.7,0.3,2.1,2,40,0.7,4,1,0
EMP01118,32,Female,Engineering,2,2.4,88200,0.994,3,5.2,4.4,3.4,2.0,4,60,9.8,1,18,0
EMP01119,25,Female,Sales,4,0.3,145700,0.971,2,5.6,2.2,1.8,8.1,4,10,2.2,3,20,1
EMP01120,24,Male,Engineering,1,0.3,55200,1.014,2,4.5,3.1,7.1,2.0,4,40,1.9,4,25,0
EMP01121,33,Male,Sales,3,8.8,131000,0.959,3,6.1,3.3,4.3,4.7,3,40,1.1,3,10,0
EMP01122,22,Non-binary,HR,2,3.7,85600,1.337,4,8.4,7.0,8.2,1.0,4,40,4.0,4,29,0
EMP01123,34,Male,Operations,1,7.5,76400,0.971,4,6.5,3.9,2.3,1.4,4,10,4.6,1,3,0
EMP01124,29,Male,Operations,1,1.3,52800,1.107,4,8.0,5.1,3.5,1.6,2,40,2.5,3,4,0
EMP01125,26,Female,HR,1,2.1,53700,0.994,3,9.1,6.8,6.8,0.8,2,60,0.5,6,2,1
EMP01126,31,Male,Engineering,2,0.3,62800,0.835,2,5.4,7.3,2.7,1.2,2,20,10.0,3,24,0
EMP01127,33,Female,Finance,2,16.3,91400,0.91,4,6.2,5.6,0.8,2.3,3,20,15.7,3,4,0
EMP01128,36,Female,Engineering,2,5.5,94300,1.014,3,10.0,6.3,0.4,2.2,3,60,2.3,4,3,0
EMP01129,38,Male,Engineering,2,13.5,111800,1.278,4,9.1,5.9,4.4,2.5,4,10,3.8,2,15,0
EMP01130,26,Female,Engineering,2,1.5,88100,1.108,5,3.5,1.3,6.1,1.1,3,60,2.4,4,1,0
EMP01131,30,Male,Engineering,3,4.7,84400,0.81,3,7.2,3.0,1.7,0.9,4,20,1.6,6,1,0
EMP01132,30,Male,Sales,1,5.7,70600,1.107,3,6.5,3.2,2.9,2.4,3,0,0.5,1,2,0
EMP01133,34,Male,Operations,4,1.9,111900,0.772,4,8.0,3.8,12.1,0.4,1,20,2.4,5,1,1
EMP01134,28,Female,Sales,4,9.4,185600,1.088,5,5.2,4.6,5.5,0.7,2,10,6.8,1,18,0
EMP01135,34,Female,Operations,3,14.7,120100,0.959,4,5.0,1.3,2.3,0.1,3,10,0.5,2,12,0
EMP01136,40,Male,Operations,2,10.8,98800,1.12,5,5.3,5.8,0.3,0.2,4,40,3.5,5,4,0
EMP01137,28,Female,Marketing,4,6.7,130200,0.788,3,5.5,4.9,1.2,0.7,4,20,8.5,5,4,0
EMP01138,32,Male,Engineering,1,1.6,66700,1.066,5,8.0,5.2,11.7,0.0,3,60,1.0,5,25,0
EMP01139,36,Female,Operations,1,1.7,46200,0.86,3,4.4,2.9,8.8,0.7,4,40,0.8,6,10,0
EMP01140,37,Male,Engineering,1,16.5,65000,0.946,2,5.4,2.5,2.2,2.7,3,20,5.9,2,18,0
EMP01141,30,Female,Operations,3,0.3,87400,0.817,5,3.3,2.6,0.2,0.2,3,20,1.2,3,9,0
EMP01142,25,Male,Finance,1,6.3,47900,0.767,5,8.3,7.4,1.5,1.4,3,40,0.9,2,4,0
EMP01143,35,Male,Sales,2,6.1,84300,0.912,2,8.8,4.5,13.1,6.1,1,20,1.9,2,53,0
EMP01144,31,Male,HR,5,4.9,280300,1.385,3,5.9,1.1,0.8,3.9,2,10,2.0,2,13,0
EMP01145,47,Female,Operations,4,23.1,287900,1.4,2,6.0,5.2,2.9,0.9,1,60,8.3,4,2,0
EMP01146,24,Male,Engineering,2,1.9,78600,1.061,3,7.3,5.3,2.0,6.5,3,20,3.9,3,8,0
EMP01147,22,Female,Sales,1,2.1,66700,1.251,3,9.2,4.0,6.6,1.0,4,10,2.1,4,6,0
EMP01148,29,Male,Finance,3,0.4,104000,1.039,5,7.2,3.4,2.8,0.2,2,40,3.1,4,4,1
EMP01149,22,Male,Operations,2,2.9,84600,1.13,4,5.2,1.8,1.6,10.0,3,40,12.3,1,41,0
EMP01150,26,Male,Engineering,1,1.5,53800,0.879,4,3.6,1.0,0.4,5.1,3,20,0.5,3,32,0
EMP01151,32,Female,Operations,1,2.1,58700,1.05,4,4.5,2.3,12.7,1.6,3,60,0.9,2,3,0
EMP01152,34,Male,Engineering,4,9.0,175400,1.03,4,6.6,3.8,4.1,2.7,4,40,13.1,2,7,0
EMP01153,47,Female,R&D,3,13.7,115000,0.87,4,5.3,2.3,4.5,2.8,4,40,12.6,4,22,0
EMP01154,32,Female,Sales,3,1.0,100700,0.966,4,6.9,3.1,9.9,0.5,3,20,0.8,3,4,1
EMP01155,25,Female,Sales,4,2.3,144600,0.985,3,5.5,3.2,4.3,0.6,3,80,0.6,5,13,0
EMP01156,37,Male,Operations,2,13.2,104200,1.023,4,4.6,3.3,1.5,1.6,4,20,2.2,4,18,0
EMP01157,26,Female,Finance,2,0.3,65000,0.932,4,4.4,2.3,1.3,6.1,2,40,0.5,3,16,1
EMP01158,22,Female,R&D,2,0.5,75100,0.861,4,9.3,8.1,0.1,0.0,3,20,4.3,4,18,0
EMP01159,22,Male,Sales,2,0.9,99600,1.333,5,8.1,6.2,7.2,3.8,2,40,0.5,1,18,0
EMP01160,27,Female,HR,2,4.5,95400,1.32,4,9.6,3.4,6.6,0.1,3,0,0.5,1,50,0
EMP01161,22,Male,Finance,3,0.8,122500,1.181,4,7.5,5.8,3.5,1.6,3,0,2.7,1,6,0
EMP01162,40,Male,R&D,3,17.2,131400,1.038,2,5.7,4.8,0.5,2.5,3,60,12.7,2,32,0
EMP01163,27,Male,Marketing,4,3.0,154300,0.967,4,8.9,5.0,2.7,2.9,3,20,2.2,1,1,0
EMP01164,22,Male,Engineering,2,3.5,91700,0.91,3,6.4,1.5,8.1,0.2,2,20,1.8,8,5,0
EMP01165,29,Male,Sales,3,1.4,127500,1.338,2,6.9,4.5,11.0,1.4,4,40,20.0,3,1,0
EMP01166,32,Male,Engineering,3,3.2,80500,0.727,3,6.4,4.1,1.8,2.2,3,40,3.0,3,16,0
EMP01167,31,Female,Engineering,2,5.4,68400,0.972,4,1.2,1.0,11.3,0.2,3,20,1.9,2,2,0
EMP01168,30,Male,Marketing,3,7.0,135300,1.12,3,9.4,3.5,1.1,0.4,3,10,2.0,2,28,0
EMP01169,35,Male,Marketing,1,7.0,59600,1.026,5,7.4,4.7,1.8,2.7,2,80,0.9,2,16,0
EMP01170,33,Male,Marketing,2,4.3,73600,0.954,2,7.1,4.2,2.2,1.8,2,40,2.9,3,1,0
EMP01171,37,Female,Engineering,1,11.7,55900,0.902,5,6.4,3.4,5.7,0.4,3,20,2.3,2,19,0
EMP01172,29,Female,Finance,2,8.5,80000,0.835,4,6.8,4.3,8.0,1.9,2,60,1.3,3,30,0
EMP01173,33,Female,Engineering,2,7.1,69500,0.725,3,5.4,1.5,12.8,6.1,1,40,0.7,3,16,0
EMP01174,32,Female,Sales,3,0.3,134700,1.335,3,7.6,4.2,5.0,0.0,4,20,1.5,4,1,0
EMP01175,23,Male,Sales,5,0.3,200400,1.085,4,4.1,3.6,10.5,2.6,3,20,2.8,1,29,0
EMP01176,37,Female,Finance,3,1.2,101300,0.842,4,6.8,3.8,0.2,0.2,3,20,0.5,4,20,0
EMP01177,28,Male,Engineering,3,5.4,119100,1.147,4,7.5,1.9,3.5,0.0,3,60,0.7,3,7,0
EMP01178,28,Male,Engineering,2,2.6,89800,1.4,3,6.1,3.1,15.0,0.4,3,10,11.8,3,6,0
EMP01179,25,Female,Marketing,3,2.6,119500,1.08,4,7.2,2.8,2.0,1.4,2,20,3.1,2,10,0
EMP01180,36,Male,Finance,1,10.8,76300,1.252,5,4.7,3.5,2.8,4.1,4,60,0.5,2,30,0
EMP01181,26,Female,Marketing,2,11.3,82600,0.799,3,4.8,3.7,2.0,0.8,3,10,4.7,1,4,0
EMP01182,33,Female,Operations,2,12.0,87500,0.959,4,6.9,1.5,8.2,2.5,2,40,0.5,7,2,0
EMP01183,22,Male,R&D,2,1.9,86400,1.041,3,7.7,6.4,0.8,1.3,3,20,5.4,2,30,0
EMP01184,31,Male,Sales,1,5.9,56500,0.79,4,3.1,1.0,4.9,0.7,3,40,5.5,9,1,1
EMP01185,32,Male,Operations,1,1.6,56500,1.12,4,7.4,7.6,7.6,1.8,3,20,4.2,2,36,0
EMP01186,30,Female,Sales,2,1.1,80900,1.115,3,5.5,3.5,5.1,4.0,2,10,5.3,1,5,0
EMP01187,22,Female,Sales,5,1.0,227300,1.12,2,6.2,1.8,4.0,4.5,3,40,0.5,3,11,0
EMP01188,38,Male,Engineering,2,2.1,60700,0.72,1,4.1,1.0,6.1,4.7,3,40,5.2,1,2,0
EMP01189,30,Male,R&D,2,2.8,87100,1.168,4,5.0,3.9,2.1,1.0,3,40,0.6,6,35,0
EMP01190,29,Female,Sales,1,8.9,61800,0.997,4,8.2,4.6,10.2,3.9,4,40,1.7,4,21,0
EMP01191,27,Female,Sales,3,0.6,111600,1.05,5,6.6,4.1,12.6,0.6,3,40,11.4,4,39,0
EMP01192,32,Male,Operations,2,6.6,93600,1.155,4,5.8,6.7,5.7,3.4,3,40,2.8,3,17,0
EMP01193,26,Male,Finance,1,3.8,73600,1.216,3,6.3,2.8,0.5,7.4,4,40,13.7,3,3,0
EMP01194,28,Female,Engineering,2,1.7,93400,1.4,5,7.4,4.9,1.7,0.0,2,40,0.5,9,6,0
EMP01195,26,Male,Marketing,1,3.4,70500,0.956,4,7.3,7.3,0.2,1.5,1,40,2.6,2,10,0
EMP01196,25,Male,R&D,1,1.8,69500,1.391,4,6.4,4.6,2.4,2.6,3,40,0.5,4,14,0
EMP01197,26,Female,Operations,1,4.5,61900,1.058,2,8.5,2.6,3.3,3.0,3,10,4.0,3,39,0
EMP01198,22,Female,R&D,1,2.8,58000,0.997,3,8.2,6.2,8.5,0.5,3,20,0.5,7,7,0
EMP01199,27,Male,Engineering,1,0.9,63200,0.931,5,7.2,2.6,4.2,9.0,3,20,0.8,5,18,0
EMP01200,29,Male,Marketing,2,0.6,84000,1.262,4,6.6,6.8,2.3,2.4,2,60,1.2,9,49,0
EMP01201,32,Male,HR,3,4.0,102700,0.774,3,7.7,3.5,8.1,0.4,2,40,5.5,3,2,0
EMP01202,39,Male,Marketing,2,11.6,95900,0.944,4,7.1,10.0,2.0,0.1,4,40,0.7,1,30,0
EMP01203,29,Female,R&D,2,2.1,77500,0.947,5,8.4,8.1,2.5,3.8,4,20,7.5,3,8,0
EMP01204,29,Male,Operations,2,6.6,74500,0.957,3,8.1,3.8,2.7,0.2,3,10,0.6,4,20,0
EMP01205,35,Female,Sales,4,5.4,184000,1.11,4,4.7,3.1,4.1,0.4,3,60,0.5,4,5,0
EMP01206,30,Female,Operations,2,13.4,93800,1.038,5,4.5,4.3,5.5,2.1,3,60,2.0,1,6,0
EMP01207,28,Male,Marketing,1,8.6,84600,1.14,3,5.2,4.8,0.6,2.3,2,10,15.5,3,1,0
EMP01208,25,Male,Operations,3,4.2,85700,0.865,4,8.3,6.2,2.4,2.9,3,40,0.5,1,53,0
EMP01209,36,Male,Marketing,1,5.4,55800,0.917,4,3.7,4.7,3.8,1.3,3,20,0.5,5,25,0
EMP01210,40,Female,Operations,2,11.4,90800,1.023,4,7.2,4.5,7.0,3.7,3,20,5.6,1,1,0
EMP01211,31,Female,Operations,2,2.6,92100,1.282,3,7.2,4.0,6.5,9.2,1,40,1.5,3,80,0
EMP01212,33,Male,Sales,4,2.0,153400,0.975,3,8.6,5.0,7.0,0.8,4,40,5.1,2,14,0
EMP01213,22,Female,R&D,2,0.3,78800,0.989,4,6.8,6.0,3.1,3.0,4,40,0.9,2,29,0
EMP01214,35,Female,Engineering,3,8.8,98900,0.734,3,4.1,3.3,7.9,6.6,3,10,2.5,6,1,1
EMP01215,32,Female,HR,5,8.1,194900,0.988,4,4.8,3.6,1.9,2.9,3,20,1.2,1,7,0
EMP01216,31,Male,Marketing,1,0.6,58200,0.939,3,4.4,4.3,7.1,2.9,4,20,2.4,1,17,1
EMP01217,29,Male,Sales,2,4.3,66800,0.72,1,5.5,1.0,13.4,0.6,1,20,5.9,1,2,0
EMP01218,27,Female,Engineering,2,3.1,73500,0.96,5,6.2,4.6,12.3,1.9,2,40,5.7,3,10,0
EMP01219,29,Male,Marketing,2,0.6,81300,0.885,4,4.4,3.3,0.4,2.1,3,20,2.9,3,9,0
EMP01220,46,Male,HR,2,19.7,88500,0.845,5,9.1,8.9,5.7,3.0,3,20,10.5,2,4,0
EMP01221,24,Male,Sales,4,1.2,179100,1.4,3,4.1,1.0,13.2,10.0,3,20,1.2,3,5,0
EMP01222,26,Male,Sales,3,0.3,119300,1.222,4,8.9,8.6,4.5,0.1,3,40,1.1,1,51,0
EMP01223,24,Male,Engineering,3,4.5,86800,0.72,3,8.6,5.7,3.5,0.2,2,40,3.8,5,5,0
EMP01224,22,Female,R&D,2,6.7,73800,0.933,4,8.1,6.1,4.5,0.2,2,40,3.9,4,4,0
EMP01225,27,Male,Sales,3,0.3,73000,0.77,4,5.3,6.5,11.0,3.4,1,20,0.5,8,12,0
EMP01226,33,Male,R&D,5,5.4,196700,0.828,3,7.1,5.6,15.0,0.4,2,20,3.7,6,17,0
EMP01227,30,Female,HR,3,3.8,118900,1.097,5,4.2,3.5,1.8,2.4,4,0,1.9,2,19,0
EMP01228,22,Male,Sales,1,0.5,52400,0.889,3,8.1,5.7,6.1,1.0,2,10,5.5,2,21,0
EMP01229,25,Male,Finance,3,0.9,108400,1.038,4,6.4,3.3,4.7,1.5,3,20,6.6,4,1,0
EMP01230,22,Female,Marketing,1,4.2,47800,0.758,5,5.8,3.7,2.0,0.6,3,10,3.2,1,8,0
EMP01231,34,Female,Finance,2,1.8,86600,1.16,5,4.3,1.5,5.8,5.0,3,40,0.5,2,22,0
EMP01232,32,Female,Engineering,1,13.9,63600,0.865,5,2.0,1.2,5.3,2.2,3,80,4.0,1,35,0
EMP01233,39,Female,Sales,3,8.5,115500,1.068,3,4.6,1.0,1.8,7.2,3,10,5.5,2,14,0
EMP01234,47,Male,Operations,3,20.5,135100,0.819,3,8.5,6.3,0.3,2.1,3,60,1.1,3,1,0
EMP01235,23,Female,Marketing,1,1.5,47300,0.887,3,5.8,3.6,1.5,0.3,3,10,2.5,1,8,0
EMP01236,34,Male,Operations,2,17.5,83900,0.721,4,6.2,3.4,4.0,0.5,3,40,13.5,1,1,0
EMP01237,30,Female,R&D,2,2.8,90200,1.16,4,7.7,5.4,7.6,10.0,4,40,1.4,4,21,0
EMP01238,23,Male,Engineering,2,2.1,82300,1.028,3,9.8,3.8,2.9,3.2,3,60,1.0,1,1,0
EMP01239,27,Female,Engineering,1,0.3,64100,1.217,4,8.9,9.3,11.6,0.1,3,10,0.9,7,3,0
EMP01240,24,Female,Marketing,2,0.3,78900,1.157,3,4.7,2.9,0.5,3.0,3,20,3.3,1,8,0
EMP01241,22,Female,Sales,3,5.9,112900,1.19,3,3.0,1.7,11.0,1.3,2,10,12.0,3,9,0
EMP01242,22,Male,Sales,1,3.1,45600,0.863,4,10.0,4.8,14.2,0.9,2,20,3.8,2,8,0
EMP01243,28,Male,Engineering,1,1.3,54200,0.99,4,10.0,6.5,12.1,0.4,2,60,1.4,1,9,0
EMP01244,27,Female,Engineering,2,4.8,81200,0.959,4,6.8,6.9,15.3,4.6,1,40,4.1,2,19,0
EMP01245,24,Female,R&D,4,1.5,189000,1.181,3,4.2,4.6,2.4,0.2,3,40,3.9,3,7,0
EMP01246,33,Male,R&D,3,4.3,118600,1.133,4,8.2,6.9,0.3,0.9,1,40,3.6,5,12,0
EMP01247,34,Female,Engineering,3,2.2,128900,1.343,2,6.3,5.1,10.0,0.9,3,60,0.7,4,5,0
EMP01248,32,Female,Operations,2,8.7,94300,1.219,3,6.3,3.4,2.8,0.4,2,20,4.0,1,7,0
EMP01249,31,Male,Engineering,2,8.6,78400,0.838,4,8.1,2.7,10.5,1.8,1,10,2.2,1,14,0
EMP01250,31,Female,R&D,1,3.2,59100,0.874,5,7.1,4.3,6.9,0.0,4,60,0.5,2,10,0
EMP01251,22,Male,Marketing,3,2.2,107500,0.903,3,4.4,2.4,4.6,0.9,4,20,3.1,1,19,0
EMP01252,29,Male,Sales,4,2.3,127800,0.809,3,5.9,5.7,12.1,6.8,1,10,18.1,2,12,0
EMP01253,35,Male,Engineering,3,8.2,108700,0.864,4,7.7,5.6,8.6,0.9,3,10,1.7,8,24,0
EMP01254,31,Female,Operations,4,2.0,140900,0.813,3,7.4,7.7,13.8,1.1,2,40,13.5,3,9,0
EMP01255,22,Female,R&D,3,1.2,127900,1.205,4,7.0,6.7,2.6,1.6,3,40,0.5,4,10,0
EMP01256,23,Male,Engineering,1,0.4,41400,0.72,4,8.2,4.5,5.7,2.1,3,20,5.3,3,17,0
EMP01257,24,Female,Engineering,4,3.1,175000,1.208,3,5.8,1.0,5.5,4.1,3,40,0.5,5,4,0
EMP01258,29,Female,Sales,1,3.3,51100,0.993,4,6.8,6.9,5.2,0.5,4,40,1.3,1,7,0
EMP01259,36,Female,HR,2,9.2,72100,0.856,4,1.0,3.1,0.1,5.1,2,60,3.4,4,15,0
EMP01260,35,Male,Marketing,1,1.3,66400,1.175,3,5.7,1.2,0.2,3.5,2,40,3.6,5,1,0
EMP01261,25,Female,Engineering,1,2.4,63600,1.092,4,7.9,7.9,10.1,3.2,4,40,6.0,1,9,0
EMP01262,30,Male,Sales,2,8.3,102800,0.956,2,5.8,4.5,4.1,0.2,3,40,3.8,2,14,0
EMP01263,39,Male,Operations,2,8.7,97000,1.077,4,5.7,4.0,2.1,0.1,3,20,3.6,7,51,0
EMP01264,29,Male,Finance,2,2.4,104400,1.175,3,4.6,5.9,1.4,2.3,3,20,9.7,4,31,0
EMP01265,35,Male,Sales,2,3.1,85600,1.116,4,8.3,7.8,11.2,5.0,3,20,2.4,2,5,0
EMP01266,29,Female,Operations,1,1.8,55600,1.003,3,7.5,6.0,4.0,2.2,3,0,1.0,3,11,0
EMP01267,31,Male,Sales,1,13.5,71700,1.148,3,8.0,6.1,1.8,0.6,3,20,0.7,2,1,0
EMP01268,22,Female,Sales,2,0.6,90200,1.278,4,3.4,3.3,7.6,0.2,3,20,2.0,2,4,0
EMP01269,29,Male,R&D,2,13.6,83700,0.815,2,6.2,3.3,3.2,3.0,3,10,5.0,2,22,0
EMP01270,34,Male,Engineering,3,5.8,100800,0.893,3,6.0,3.8,5.0,3.2,3,10,0.5,2,2,0
EMP01271,35,Non-binary,Sales,3,3.8,102300,0.859,3,6.0,2.3,8.3,0.5,4,20,0.6,3,4,0
EMP01272,35,Female,Marketing,3,0.3,74900,0.731,3,5.4,2.9,3.1,0.1,3,40,0.5,4,43,0
EMP01273,33,Male,Sales,3,3.2,107800,1.043,5,5.9,3.2,5.9,1.3,3,60,3.5,5,26,0
EMP01274,34,Male,Operations,2,2.6,60300,0.72,4,8.0,4.1,4.8,2.2,3,40,1.1,1,23,0
EMP01275,24,Male,Sales,3,0.9,102400,1.014,2,3.1,2.3,1.3,3.1,3,20,0.7,5,30,0
EMP01276,24,Male,R&D,2,5.3,92700,0.985,4,9.7,5.7,0.5,4.2,3,20,3.6,2,21,0
EMP01277,44,Female,R&D,2,17.7,92500,0.924,4,7.4,5.7,4.6,2.4,4,10,5.7,2,2,0
EMP01278,31,Female,HR,3,4.1,135800,1.16,5,6.4,1.2,3.7,0.3,3,10,1.6,6,11,0
EMP01279,32,Male,Engineering,2,6.3,68100,0.727,3,8.1,5.1,0.9,2.9,4,40,3.5,2,9,0
EMP01280,28,Female,Marketing,3,0.4,119000,1.155,4,3.9,2.8,0.4,10.0,4,20,0.5,1,6,0
EMP01281,30,Female,Operations,3,2.7,115300,1.377,4,5.3,2.9,5.5,5.9,4,40,10.9,1,27,0
EMP01282,33,Male,Sales,4,0.6,111300,0.783,4,6.3,3.8,8.9,5.1,3,40,1.6,2,9,1
EMP01283,36,Male,Engineering,4,4.7,221900,1.27,4,9.0,3.0,3.9,0.9,4,10,20.0,4,1,0
EMP01284,40,Female,Sales,2,13.9,92900,0.9,3,6.4,4.8,12.0,3.5,2,40,15.4,9,5,1
EMP01285,35,Female,Sales,2,5.4,72800,0.83,4,7.3,5.9,2.6,4.8,2,20,6.0,4,4,0
EMP01286,29,Male,Operations,2,0.4,62000,0.973,4,5.4,4.4,2.1,2.8,3,20,0.5,5,33,0
EMP01287,25,Male,R&D,2,2.2,75600,1.033,5,7.4,6.7,0.1,0.7,4,40,3.1,4,16,0
EMP01288,33,Male,Operations,3,4.0,105300,0.929,3,9.5,6.5,1.5,7.7,3,80,0.5,5,12,0
EMP01289,22,Female,Marketing,3,2.6,106200,0.964,4,8.3,6.3,0.2,1.5,2,60,9.0,1,11,0
EMP01290,38,Female,R&D,3,9.0,111500,0.824,5,6.4,4.4,1.9,0.3,3,60,6.2,6,16,0
EMP01291,27,Male,Engineering,2,8.4,94300,1.077,4,7.7,6.2,5.1,0.3,3,0,14.4,2,21,0
EMP01292,31,Female,HR,1,4.7,56500,0.894,5,7.5,2.0,1.8,2.6,3,10,3.7,6,12,0
EMP01293,24,Female,Marketing,2,2.3,59600,0.755,4,7.4,3.2,0.1,1.4,4,10,3.0,1,42,0
EMP01294,30,Female,Engineering,1,1.5,55300,1.074,3,8.5,8.4,2.1,0.2,4,20,2.9,4,56,0
EMP01295,26,Male,R&D,4,0.6,101600,0.898,4,8.5,1.1,4.2,3.4,4,20,2.0,4,80,0
EMP01296,22,Male,Marketing,2,2.2,81900,0.998,3,6.3,3.8,1.4,4.0,3,40,2.5,9,17,0
EMP01297,30,Male,Marketing,1,2.7,50300,0.848,4,7.7,7.1,3.8,3.2,3,40,4.0,4,40,0
EMP01298,28,Male,Engineering,1,5.6,61900,1.066,3,5.8,3.6,2.9,0.6,3,60,10.8,2,8,0
EMP01299,35,Female,Engineering,3,5.4,131900,1.386,4,4.8,2.4,4.4,2.9,3,60,3.6,3,29,0
EMP01300,26,Male,Operations,3,0.4,88200,0.821,4,6.0,4.1,2.5,0.0,2,10,7.8,2,36,0
EMP01301,30,Male,Marketing,2,2.5,90900,1.18,4,6.4,3.5,9.0,0.9,4,60,7.9,1,35,0
EMP01302,22,Male,Finance,1,1.0,52700,0.887,3,3.5,2.3,0.3,1.3,3,20,2.9,1,27,0
EMP01303,24,Male,Engineering,2,0.9,97400,1.057,5,8.0,4.0,1.5,4.5,4,20,1.7,1,8,0
EMP01304,31,Female,Engineering,2,8.8,82600,1.143,2,1.5,3.0,4.2,1.2,4,40,4.1,3,3,0
EMP01305,31,Male,Marketing,3,0.3,89400,0.952,2,10.0,9.1,8.9,0.0,1,10,2.4,6,6,0
EMP01306,37,Male,R&D,3,2.7,115500,1.113,3,9.2,5.7,13.7,1.1,3,60,0.5,6,22,0
EMP01307,23,Male,Marketing,2,0.9,71700,0.811,5,6.0,1.4,2.0,1.7,4,40,1.9,1,4,0
EMP01308,40,Male,R&D,1,10.6,58200,1.011,5,6.5,3.3,1.9,7.4,3,60,20.0,1,10,0
EMP01309,22,Male,Operations,5,4.1,200900,0.759,4,7.0,4.2,3.1,7.1,3,80,0.5,1,12,0
EMP01310,22,Female,Engineering,2,1.3,76300,0.976,5,5.4,4.4,2.9,0.5,3,40,4.8,2,14,0
EMP01311,24,Female,Finance,3,3.5,128300,1.203,3,6.8,2.6,3.0,0.5,3,10,7.4,1,41,0
EMP01312,25,Female,Engineering,1,6.6,46900,0.76,5,6.2,2.6,14.7,0.4,2,10,4.2,2,16,1
EMP01313,31,Female,Operations,2,15.9,96800,0.999,3,6.3,5.0,4.1,3.9,2,20,3.4,3,23,0
EMP01314,29,Female,Engineering,1,1.2,61300,0.978,3,6.8,6.1,6.2,0.0,3,10,4.9,3,13,0
EMP01315,34,Female,HR,2,10.9,92200,1.103,3,4.1,1.5,1.9,0.3,3,60,2.2,3,27,0
EMP01316,39,Male,Marketing,5,13.6,299100,1.112,4,6.6,1.9,3.1,1.9,1,20,0.5,2,5,0
EMP01317,39,Male,Marketing,2,12.4,90800,0.988,4,6.8,10.0,1.8,0.7,3,80,13.1,4,4,0
EMP01318,31,Male,Engineering,1,5.0,58400,1.032,3,6.7,5.8,1.8,0.2,3,40,2.3,5,39,0
EMP01319,33,Female,Finance,1,5.0,65100,0.823,5,6.1,3.5,0.0,1.1,3,10,4.4,2,18,0
EMP01320,28,Non-binary,Engineering,2,2.6,79600,0.963,4,8.5,7.1,4.9,0.8,2,20,3.0,1,17,0
EMP01321,26,Female,Marketing,1,7.0,58600,0.868,3,5.9,3.6,2.0,1.8,4,20,0.5,2,9,0
EMP01322,34,Male,Operations,1,3.8,63200,0.946,4,6.9,6.0,5.2,9.7,3,20,12.2,1,7,0
EMP01323,28,Female,R&D,3,5.7,100600,1.03,4,8.8,6.0,1.0,0.3,2,40,6.3,2,12,0
EMP01324,24,Male,Engineering,2,2.8,72300,0.762,4,6.4,4.3,6.3,1.2,3,0,0.6,1,2,0
EMP01325,30,Male,Sales,2,6.6,77900,1.166,4,6.9,4.3,3.4,6.7,3,40,16.0,2,9,0
EMP01326,28,Male,Finance,4,8.7,195700,1.267,4,6.3,1.5,0.3,5.2,2,20,5.3,1,9,0
EMP01327,25,Male,Engineering,1,0.8,35500,0.72,3,8.7,9.1,9.6,1.3,3,40,2.6,4,12,0
EMP01328,35,Female,Marketing,5,8.9,245300,0.968,4,6.0,2.2,5.8,3.0,4,60,3.8,1,15,0
EMP01329,31,Male,Operations,2,3.9,80700,0.97,5,8.8,3.3,0.2,0.2,4,20,0.5,3,47,0
EMP01330,29,Male,Operations,4,9.3,129200,0.779,2,6.3,3.7,3.8,3.1,2,0,3.3,1,16,0
EMP01331,26,Female,Operations,3,2.8,109700,1.035,5,5.0,1.5,1.3,9.0,4,40,0.5,1,32,0
EMP01332,33,Female,Finance,3,2.4,111500,1.168,4,7.7,4.9,15.0,1.9,2,80,3.1,5,12,0
EMP01333,38,Female,Sales,5,12.3,265300,1.213,3,6.0,5.1,3.4,1.7,4,20,3.2,3,15,0
EMP01334,37,Male,Engineering,2,1.4,53000,0.72,5,7.6,6.7,2.2,0.5,2,20,8.3,1,1,0
EMP01335,39,Female,Operations,5,9.3,282700,1.095,4,1.6,2.5,2.5,2.5,3,10,5.2,3,2,0
EMP01336,34,Female,Operations,2,3.3,71700,0.761,3,6.5,3.7,5.4,2.2,3,20,1.1,3,13,0
EMP01337,22,Male,Engineering,2,3.6,87900,1.175,3,5.7,3.8,3.4,2.6,2,20,8.8,2,8,0
EMP01338,31,Male,Operations,2,1.8,85900,1.028,3,4.6,3.7,3.7,0.1,4,20,3.4,2,24,0
EMP01339,29,Male,R&D,2,4.3,71500,0.896,4,5.5,1.0,0.2,2.0,3,40,3.7,5,12,0
EMP01340,25,Male,Marketing,1,2.0,62500,0.966,4,5.5,4.6,7.5,2.3,1,20,0.7,1,32,0
EMP01341,27,Female,Finance,2,0.3,71400,0.854,5,6.4,1.5,0.3,0.6,3,10,7.8,2,54,1
EMP01342,32,Female,Engineering,2,1.6,57700,0.728,3,4.0,6.3,9.2,0.6,3,20,10.7,2,2,0
EMP01343,29,Male,Engineering,3,0.3,118400,1.217,3,7.1,3.9,6.5,0.8,2,60,6.0,4,8,0
EMP01344,37,Female,Finance,3,19.2,120700,0.771,1,9.0,5.5,1.8,3.1,4,20,11.3,6,16,0
EMP01345,43,Female,Operations,2,16.9,86800,0.791,4,7.0,3.2,10.9,2.3,4,80,1.4,5,5,0
EMP01346,25,Female,Operations,2,2.5,74100,1.003,5,8.0,4.1,13.9,4.7,2,40,7.9,4,5,0
EMP01347,32,Male,Sales,2,6.5,87000,1.159,4,8.5,9.6,3.5,0.9,3,20,2.7,8,25,0
EMP01348,26,Female,Operations,1,2.1,56600,1.012,3,8.7,7.3,0.4,6.1,3,10,0.7,3,59,0
EMP01349,29,Male,Engineering,1,5.6,65400,0.91,5,9.9,3.6,3.8,3.4,4,40,4.4,4,22,0
EMP01350,36,Female,Engineering,2,8.2,71400,0.72,4,5.6,6.3,2.8,1.3,4,40,4.6,8,11,0
EMP01351,33,Male,Finance,2,14.7,85500,0.963,1,5.2,5.5,2.2,0.3,3,40,1.4,1,9,0
EMP01352,38,Male,Finance,5,2.6,206000,1.095,4,7.9,4.6,2.5,0.7,4,40,0.5,3,12,0
EMP01353,23,Female,Operations,2,7.6,111200,1.118,3,7.8,5.6,0.1,7.9,3,40,0.9,4,9,0
EMP01354,24,Male,Operations,2,1.5,75800,1.096,3,7.9,5.1,3.7,0.9,3,0,2.0,6,10,0
EMP01355,46,Male,Sales,2,23.2,123800,1.039,3,9.9,10.0,12.6,1.0,3,60,0.7,5,3,0
EMP01356,29,Male,Sales,1,0.3,55600,1.068,4,6.5,2.8,8.5,0.5,3,40,0.9,5,35,0
EMP01357,29,Female,Finance,2,4.6,75900,0.782,4,7.3,5.0,2.5,4.1,3,20,2.0,6,21,0
EMP01358,30,Male,Sales,3,5.4,106000,1.023,3,4.7,2.3,25.0,0.8,2,40,13.1,3,17,0
EMP01359,33,Female,Finance,2,5.8,80900,0.853,3,10.0,3.9,3.4,1.0,3,40,5.8,1,45,0
EMP01360,25,Male,Sales,2,0.6,82500,1.066,4,5.9,7.8,3.8,1.3,3,10,1.5,1,5,0
EMP01361,44,Male,Engineering,5,13.9,303100,1.132,5,5.9,1.7,14.2,1.4,3,20,12.1,3,1,0
EMP01362,31,Male,Sales,4,1.0,149900,1.276,4,5.9,4.2,6.6,1.3,3,20,4.1,2,26,0
EMP01363,34,Male,Engineering,3,4.9,128500,1.4,3,5.3,1.0,3.0,1.8,4,20,2.4,2,80,0
EMP01364,22,Male,Engineering,2,1.3,67100,0.889,3,5.2,2.7,8.2,4.2,3,10,2.5,2,13,0
EMP01365,27,Male,Engineering,3,1.8,97400,0.914,3,5.6,4.4,4.1,4.3,3,10,2.1,6,1,0
EMP01366,28,Female,HR,1,4.0,53300,0.997,3,4.0,1.1,0.4,4.0,4,10,1.1,2,23,0
EMP01367,23,Female,HR,2,2.7,82200,1.154,4,5.1,4.4,2.7,0.3,3,20,2.0,5,1,0
EMP01368,29,Male,Engineering,1,0.9,53200,0.897,4,10.0,6.0,11.6,4.0,2,60,3.0,6,12,1
EMP01369,24,Male,HR,2,0.9,84400,1.043,4,7.8,7.2,0.5,0.3,3,20,3.0,2,5,0
EMP01370,31,Female,R&D,2,2.7,69000,0.88,4,8.2,7.8,5.8,0.3,3,20,5.7,2,37,0
EMP01371,26,Male,Engineering,1,7.1,62400,0.908,3,8.6,4.5,5.4,7.4,2,20,1.8,4,9,0
EMP01372,44,Male,Sales,5,11.4,265400,1.193,3,9.8,6.5,5.4,4.3,4,40,5.0,4,34,0
EMP01373,22,Female,Sales,4,0.4,105600,0.775,4,3.3,2.5,5.4,2.0,4,10,3.5,2,5,0
EMP01374,29,Female,Marketing,3,2.5,140600,1.13,3,4.3,3.9,1.0,5.2,3,10,13.1,1,7,0
EMP01375,30,Female,Finance,2,0.5,72700,0.952,3,5.1,3.3,7.1,10.0,4,20,1.9,2,44,1
EMP01376,23,Male,Engineering,4,0.3,106000,0.743,3,5.7,4.0,2.0,2.4,4,80,9.3,1,3,0
EMP01377,35,Male,Engineering,1,5.4,61700,0.796,3,6.0,3.5,2.0,2.4,4,40,6.9,2,13,0
EMP01378,24,Female,Sales,3,4.6,108800,1.136,2,5.7,3.9,6.9,3.5,1,10,4.1,2,7,0
EMP01379,34,Male,Operations,1,0.9,55300,0.91,4,6.9,6.8,0.4,0.7,2,20,4.3,3,22,0
EMP01380,27,Male,Sales,3,1.3,117600,0.968,5,6.6,5.5,14.0,0.5,1,10,0.5,7,2,1
EMP01381,23,Female,Operations,2,0.3,83700,1.145,3,5.2,4.6,3.1,3.6,1,10,12.0,3,9,0
EMP01382,32,Male,Finance,4,9.0,169600,0.928,2,2.6,3.0,6.2,1.1,3,40,0.5,6,18,0
EMP01383,45,Female,Operations,4,18.4,198500,1.113,4,4.7,2.8,4.6,0.4,3,20,3.3,4,8,0
EMP01384,24,Female,Engineering,1,0.7,54900,1.053,3,5.5,4.1,0.9,0.9,2,40,1.6,4,1,0
EMP01385,23,Female,Operations,2,1.3,98400,1.227,3,6.1,2.0,1.4,1.1,2,20,2.2,2,18,0
EMP01386,33,Male,Sales,5,10.1,192100,0.726,2,4.5,5.2,11.6,8.4,3,40,3.8,2,10,1
EMP01387,31,Male,Finance,2,13.0,94400,0.875,3,5.6,1.0,1.6,3.0,3,20,9.6,5,1,1
EMP01388,37,Male,Marketing,4,2.7,148100,0.853,4,4.5,2.8,10.8,1.9,4,20,2.4,6,14,0
EMP01389,23,Male,Engineering,2,0.3,84500,1.127,4,6.3,6.1,6.4,8.7,1,40,17.6,2,38,0
EMP01390,30,Non-binary,R&D,2,0.3,67000,0.788,3,4.6,1.0,0.0,5.8,4,10,3.6,1,2,0
EMP01391,30,Male,Operations,2,4.3,63300,0.798,3,5.0,4.0,6.4,1.8,4,40,0.7,4,13,1
EMP01392,23,Male,Sales,1,2.5,58800,0.926,3,4.1,1.4,11.5,5.9,4,60,0.8,2,20,0
EMP01393,26,Male,Finance,3,0.3,104600,1.018,2,6.2,3.4,0.5,1.3,4,10,5.0,1,1,0
EMP01394,33,Female,Sales,2,4.4,99700,1.159,5,4.9,4.9,12.1,0.7,3,60,0.5,4,1,0
EMP01395,25,Male,Sales,2,0.3,63100,0.801,4,8.1,5.6,14.1,0.7,1,10,2.6,3,9,1
EMP01396,38,Male,Operations,2,7.7,100400,1.344,4,7.2,1.0,2.3,2.7,4,20,0.6,3,23,0
EMP01397,33,Male,Engineering,2,1.8,107900,1.4,4,6.4,2.4,4.3,1.7,4,40,2.3,6,3,0
EMP01398,31,Female,Operations,4,0.3,133500,0.938,4,5.1,5.1,1.3,2.7,4,40,5.5,3,27,0
EMP01399,27,Male,HR,5,4.4,180200,0.972,4,7.2,5.5,1.3,2.9,3,10,2.5,3,16,0
EMP01400,23,Female,Engineering,2,2.5,74000,0.861,1,7.7,8.2,1.4,0.1,3,40,0.7,2,6,0
EMP01401,37,Female,Finance,3,18.2,133000,0.87,3,6.8,7.4,0.8,0.1,3,80,1.2,2,11,0
EMP01402,30,Male,Finance,3,3.9,115800,1.032,4,9.4,5.5,2.8,1.9,3,10,1.8,4,51,0
EMP01403,30,Female,HR,2,1.6,71000,1.023,3,7.3,9.3,6.9,0.5,4,60,0.5,2,4,0
EMP01404,22,Male,Sales,5,6.2,276400,1.059,5,8.1,5.3,1.4,2.5,2,40,3.5,1,10,0
EMP01405,27,Female,Sales,1,1.6,48400,0.72,4,6.7,2.6,8.1,2.0,3,60,3.7,1,15,0
EMP01406,36,Male,Operations,1,11.7,52200,0.744,5,7.7,3.9,5.5,2.2,3,10,0.5,2,2,0
EMP01407,26,Male,Engineering,4,2.3,170200,1.1,3,5.1,1.0,10.2,0.9,3,40,2.1,2,1,0
EMP01408,36,Male,R&D,2,4.0,58500,0.72,5,5.7,6.6,8.0,2.6,2,10,2.1,3,1,0
EMP01409,28,Male,R&D,3,0.3,97700,0.92,3,7.1,7.5,0.5,4.4,2,60,1.6,2,6,0
EMP01410,35,Non-binary,Sales,4,2.8,227500,1.4,5,7.1,2.8,4.2,10.0,3,40,3.3,1,1,1
EMP01411,32,Male,R&D,1,8.9,63700,0.972,3,7.4,4.4,2.3,4.6,3,20,1.7,3,24,1
EMP01412,37,Female,Operations,4,8.2,137300,0.759,4,8.5,5.7,2.9,2.0,2,10,2.2,6,80,1
EMP01413,35,Male,Engineering,2,1.3,76100,0.78,4,3.9,1.0,2.6,0.5,4,60,6.4,1,1,0
EMP01414,34,Female,R&D,2,1.3,76200,1.136,4,4.7,1.0,2.7,2.9,4,40,0.7,3,9,0
EMP01415,27,Male,Operations,3,8.5,117900,1.004,4,6.9,4.1,0.6,6.9,4,20,3.9,3,1,0
EMP01416,35,Male,Sales,4,13.3,190400,1.184,5,5.2,2.8,3.9,0.6,2,20,2.8,4,2,0
EMP01417,25,Male,Sales,1,0.5,48000,0.736,4,10.0,5.8,3.5,0.7,3,60,1.5,1,6,0
EMP01418,31,Female,Engineering,2,3.0,100100,1.328,4,7.4,5.2,2.5,0.4,3,20,5.2,6,8,0
EMP01419,31,Male,Engineering,3,2.1,107400,1.186,2,6.4,6.7,6.7,3.3,4,10,3.2,3,42,0
EMP01420,30,Male,Engineering,3,10.2,131000,1.004,4,5.6,3.1,3.7,1.3,4,60,2.6,5,8,0
EMP01421,27,Male,Marketing,3,0.4,92200,0.768,4,5.6,3.9,1.2,0.2,3,20,4.4,1,10,1
EMP01422,22,Female,Sales,1,1.2,67300,1.116,4,6.6,5.6,5.6,5.2,4,20,6.5,4,4,0
EMP01423,39,Male,Operations,2,7.0,81500,0.923,1,6.7,5.4,1.6,2.0,2,20,14.4,4,1,0
EMP01424,24,Female,Sales,2,0.3,78400,0.997,4,5.7,2.6,1.7,1.0,1,60,4.0,2,34,0
EMP01425,29,Male,Engineering,3,3.4,93100,0.752,1,6.0,4.1,5.4,1.1,3,20,8.3,2,1,0
EMP01426,27,Female,HR,2,2.9,68600,0.938,1,8.9,6.8,5.6,0.9,2,40,0.5,3,50,0
EMP01427,33,Female,Operations,1,2.0,62700,1.104,4,9.0,3.8,1.3,1.5,2,60,3.0,1,2,0
EMP01428,22,Male,Marketing,5,2.5,196400,0.974,3,7.0,6.8,0.1,1.0,4,0,1.0,4,14,0
EMP01429,29,Male,Engineering,1,3.8,52100,0.982,3,4.1,5.2,13.4,2.0,2,60,0.5,1,80,0
EMP01430,26,Male,R&D,5,0.9,185700,0.941,4,7.5,3.6,0.9,3.7,3,20,3.0,1,2,1
EMP01431,27,Male,Operations,3,4.2,118600,0.972,2,9.3,6.4,0.4,2.8,4,40,5.5,3,8,0
EMP01432,41,Male,Operations,3,8.2,105100,0.841,3,9.0,7.0,1.4,0.9,3,20,2.1,1,23,0
EMP01433,27,Female,Sales,2,7.1,83200,0.9,3,7.8,4.1,6.5,1.9,2,40,4.4,7,1,0
EMP01434,30,Male,Finance,1,0.8,55900,0.984,4,9.1,6.8,1.0,4.6,2,20,2.7,5,18,0
EMP01435,28,Female,Operations,3,0.8,77600,0.724,4,6.6,4.6,2.6,0.2,2,0,2.3,3,1,0
EMP01436,34,Male,Engineering,3,1.6,83700,0.876,4,7.6,2.3,6.5,0.2,2,60,1.4,4,4,0
EMP01437,24,Female,HR,3,2.2,109000,1.072,3,5.3,4.3,0.4,2.0,2,0,1.9,5,3,0
EMP01438,24,Male,Engineering,1,2.6,51900,0.876,2,7.0,2.6,4.1,2.5,3,60,1.7,2,36,0
EMP01439,36,Male,Operations,3,5.7,127800,1.105,2,8.9,7.5,3.9,0.6,3,10,4.2,5,3,0
EMP01440,28,Male,Operations,3,0.3,115100,1.107,4,5.4,2.3,2.8,3.4,4,20,0.5,1,1,0
EMP01441,22,Male,Sales,3,0.3,111200,1.12,5,4.9,2.9,5.0,2.6,4,60,0.5,2,13,0
EMP01442,25,Male,Sales,3,2.5,134800,1.327,3,6.7,6.8,10.2,6.4,4,20,4.3,3,6,0
EMP01443,33,Female,R&D,3,6.0,109500,0.72,3,6.1,4.9,3.1,0.5,3,60,3.2,4,8,0
EMP01444,31,Female,Engineering,3,1.1,111700,0.996,3,7.7,3.1,5.5,3.5,2,20,2.2,1,2,0
EMP01445,27,Male,Marketing,1,5.1,55300,0.867,4,5.7,1.9,1.3,0.2,4,20,0.7,2,21,0
EMP01446,22,Male,Sales,2,1.5,108600,1.4,4,9.6,5.2,9.7,2.1,3,40,2.1,3,14,0
EMP01447,37,Male,Operations,1,10.9,86900,1.333,4,4.2,3.4,0.6,2.0,2,20,6.2,2,7,0
EMP01448,29,Female,Marketing,2,11.3,90400,0.978,5,8.8,6.4,1.1,1.2,4,20,8.8,4,3,0
EMP01449,22,Male,Engineering,2,1.8,81700,1.018,4,5.1,1.8,1.5,4.7,3,40,4.9,3,14,0
EMP01450,22,Female,Operations,1,1.3,68100,1.4,3,3.3,1.0,4.4,0.0,2,20,0.5,1,23,0
EMP01451,32,Non-binary,R&D,2,2.6,76900,1.135,3,6.9,5.0,1.5,1.8,4,20,4.4,1,6,0
EMP01452,28,Female,Engineering,1,1.4,51400,0.966,4,6.0,3.6,10.1,0.6,4,60,1.1,3,1,0
EMP01453,29,Male,Operations,3,5.6,124400,1.085,4,4.5,6.8,3.7,3.4,3,60,1.5,2,4,0
EMP01454,40,Female,R&D,4,8.7,163700,1.005,4,3.5,2.3,5.3,0.1,3,20,0.9,1,17,0
EMP01455,34,Female,Sales,1,5.6,62100,0.867,4,6.5,7.5,3.4,4.5,3,40,6.0,2,68,0
EMP01456,41,Male,Operations,5,8.7,205800,1.002,4,8.3,3.3,0.6,4.6,4,40,4.2,2,1,0
EMP01457,22,Female,HR,2,2.5,61600,0.839,5,7.6,2.1,10.7,4.5,2,40,3.8,1,5,0
EMP01458,26,Female,R&D,2,0.8,78600,0.885,4,6.6,2.3,3.8,0.4,3,20,4.4,3,1,0
EMP01459,23,Male,Sales,1,6.7,70000,1.095,4,7.4,7.0,7.4,2.5,4,80,1.1,4,6,0
EMP01460,27,Male,Engineering,2,2.2,75500,0.879,3,6.5,7.4,2.6,0.0,3,10,2.4,3,8,0
EMP01461,29,Male,Marketing,3,5.6,134600,0.976,4,3.9,1.1,1.3,4.7,4,40,4.0,5,38,0
EMP01462,30,Female,Engineering,3,1.6,93200,0.965,5,3.9,1.7,4.4,3.2,4,60,4.0,1,1,0
EMP01463,27,Male,Sales,1,0.4,47800,0.87,3,6.1,1.9,1.3,1.9,3,40,6.3,2,23,0
EMP01464,49,Female,Finance,1,24.5,78500,0.953,4,6.2,1.0,2.5,3.3,4,60,1.4,3,8,0
EMP01465,30,Female,HR,2,0.8,75200,1.198,4,8.0,6.5,1.7,0.2,2,20,5.9,3,25,1
EMP01466,55,Female,HR,2,22.3,117100,1.08,2,7.9,5.5,0.1,1.9,4,20,2.3,3,11,0
EMP01467,40,Male,Marketing,1,18.9,66100,0.777,4,7.6,5.0,0.8,0.9,4,60,4.4,4,1,0
EMP01468,28,Female,Operations,2,7.9,103700,1.116,3,6.0,1.4,1.0,9.0,2,20,2.4,3,44,0
EMP01469,32,Male,R&D,3,5.4,144500,1.214,5,4.0,5.6,0.4,4.9,4,40,11.9,1,1,0
EMP01470,25,Male,HR,4,4.3,150000,1.016,4,7.2,3.8,3.0,3.3,4,10,0.8,3,14,0
